id;title;price_value;price_currency;price_uah;price_raw;location_raw;image_url;ad_url;created_at
909406171;Продам Геон гнс 300 4v;2500;USD;105576;None;{'city': {'id': 31515, 'name': 'Катюжанка', 'normalized_name': 'katyuzhanka'}, 'region': {'id': 25, 'name': 'Київська область', 'normalized_name': 'ko'}};"https://ireland.apollo.olxcdn.com:443/v1/files/lh86qvcb5czm-UA/image;s=640x480";https://www.olx.ua/d/uk/obyavlenie/prodam-geon-gns-300-4v-IDZxM5t.html;2025-12-17T12:18:29.648617+00:00
876706506;Renault premium рено премиум;13900;USD;587002;None;{'city': {'id': 689, 'name': 'Крижопіль', 'normalized_name': 'kryzhopol'}, 'region': {'id': 24, 'name': 'Вінницька область', 'normalized_name': 'vin'}};"https://ireland.apollo.olxcdn.com:443/v1/files/asm2qbm5w5vb1-UA/image;s=640x480";https://www.olx.ua/d/uk/obyavlenie/renault-premium-reno-premium-IDXkzpv.html;2025-12-17T12:18:29.642767+00:00
908762135;Nissan Qashqai 2.0дизель, мехініка, 2009р. в Києві.;3999;USD;168879;None;{'city': {'id': 268, 'name': 'Київ', 'normalized_name': 'kiev'}, 'district': {'id': 5, 'name': 'Деснянський'}, 'region': {'id': 25, 'name': 'Київська область', 'normalized_name': 'ko'}};"https://ireland.apollo.olxcdn.com:443/v1/files/m0ynfmhhcb453-UA/image;s=640x480";https://www.olx.ua/d/uk/obyavlenie/nissan-qashqai-2-0dizel-mehnka-2009r-v-kiv-IDZw4xN.html;2025-12-17T12:18:29.637423+00:00
852833787;Мотоцикл Kovi JNC300 SR Доставка безкоштовна Розстрочка;1830;USD;77281;None;{'city': {'id': 292, 'name': 'Бар', 'normalized_name': 'bar'}, 'region': {'id': 24, 'name': 'Вінницька область', 'normalized_name': 'vin'}};"https://ireland.apollo.olxcdn.com:443/v1/files/c9qxn1zkt0n4-UA/image;s=640x480";https://www.olx.ua/d/uk/obyavlenie/mototsikl-kovi-jnc300-sr-dostavka-bezkoshtovna-rozstrochka-IDWIp1F.html;2025-12-17T12:18:29.627306+00:00
909265665;Mercedes-Benz vito 639;5700;USD;240713;None;{'city': {'id': 369, 'name': 'Чернівці', 'normalized_name': 'chernovtsy'}, 'region': {'id': 18, 'name': 'Чернівецька область', 'normalized_name': 'chv'}};"https://ireland.apollo.olxcdn.com:443/v1/files/d4el1ixnwlh5-UA/image;s=640x480";https://www.olx.ua/d/uk/obyavlenie/mercedes-benz-vito-639-IDZxbxf.html;2025-12-17T12:18:29.621904+00:00
900126428;Toyota Venza 2021;30500;USD;1288027;None;{'city': {'id': 31869, 'name': 'Білогородка', 'normalized_name': 'belogorodka'}, 'region': {'id': 25, 'name': 'Київська область', 'normalized_name': 'ko'}};"https://ireland.apollo.olxcdn.com:443/v1/files/e8sex69pdp3g2-UA/image;s=640x480";https://www.olx.ua/d/uk/obyavlenie/toyota-venza-2021-IDYUQ0c.html;2025-12-17T12:18:29.616735+00:00
908644996;Продам passat b5+;1800;USD;76014;None;{'city': {'id': 14751, 'name': 'Софіївка', 'normalized_name': 'sofievka_14751'}, 'region': {'id': 21, 'name': 'Дніпропетровська область', 'normalized_name': 'dnp'}};"https://ireland.apollo.olxcdn.com:443/v1/files/224xj3gf1njy2-UA/image;s=640x480";https://www.olx.ua/d/uk/obyavlenie/prodam-passat-b5-IDZuA4s.html;2025-12-17T12:18:29.607273+00:00
883510409;Сівалка севник сеялка польська кукурудзяна кукурудзи 4 чотири рядна;3300;USD;139360;None;{'city': {'id': 10759, 'name': 'Дубище', 'normalized_name': 'dubische_10759'}, 'region': {'id': 22, 'name': 'Волинська область', 'normalized_name': 'vol'}};"https://ireland.apollo.olxcdn.com:443/v1/files/umy2uwpzj4uv1-UA/image;s=640x480";https://www.olx.ua/d/uk/obyavlenie/svalka-sevnik-seyalka-polska-kukurudzyana-kukurudzi-4-chotiri-ryadna-IDXN7pT.html;2025-12-17T12:18:29.601931+00:00
905916128;Причіп прицеп прицепи;180000;UAH;180000;None;{'city': {'id': 362, 'name': 'Тернопіль', 'normalized_name': 'ternopol'}, 'region': {'id': 11, 'name': 'Тернопільська область', 'normalized_name': 'ter'}};"https://ireland.apollo.olxcdn.com:443/v1/files/48hlafasr55s1-UA/image;s=640x480";https://www.olx.ua/d/uk/obyavlenie/prichp-pritsep-pritsepi-IDZj8as.html;2025-12-17T12:18:29.596785+00:00
907747741;Електромобіль Tesla Model Y 2021 повний привід;8900;USD;375850;None;{'city': {'id': 62, 'name': 'Одеса', 'normalized_name': 'odessa'}, 'district': {'id': 91, 'name': 'Пересипський'}, 'region': {'id': 9, 'name': 'Одеська область', 'normalized_name': 'od'}};"https://ireland.apollo.olxcdn.com:443/v1/files/067ajfzzbssj-UA/image;s=640x480";https://www.olx.ua/d/uk/obyavlenie/elektromobl-tesla-model-y-2021-povniy-privd-IDZqOEB.html;2025-12-17T12:18:29.587006+00:00
907371337;Комбайн Нива СК5;2000;USD;84460;None;{'city': {'id': 359, 'name': 'Барвінкове', 'normalized_name': 'barvenkovo'}, 'region': {'id': 8, 'name': 'Харківська область', 'normalized_name': 'kha'}};"https://ireland.apollo.olxcdn.com:443/v1/files/pe8ahv8h4hwk1-UA/image;s=640x480";https://www.olx.ua/d/uk/obyavlenie/kombayn-niva-sk5-IDZpeJz.html;2025-12-17T12:18:29.580475+00:00
810136901;Жатка кукурузная КМС-4 New Holland;330000;UAH;330000;None;{'city': {'id': 145, 'name': 'Черкаси', 'normalized_name': 'cherkassy'}, 'region': {'id': 12, 'name': 'Черкаська область', 'normalized_name': 'chk'}};"https://ireland.apollo.olxcdn.com:443/v1/files/cs8o5nd1onzc2-UA/image;s=640x480";https://www.olx.ua/d/uk/obyavlenie/zhatka-kukuruznaya-kms-4-new-holland-IDSPfCd.html;2025-12-17T12:18:29.574549+00:00
905133205;Massey Ferguson 20 Стан НОВОГО;20200;USD;853054;None;{'city': {'id': 9679, 'name': 'Колодяжне', 'normalized_name': 'kolodyazhne'}, 'region': {'id': 22, 'name': 'Волинська область', 'normalized_name': 'vol'}};"https://ireland.apollo.olxcdn.com:443/v1/files/w50i8dy4k8w41-UA/image;s=640x480";https://www.olx.ua/d/uk/obyavlenie/massey-ferguson-20-stan-novogo-IDZfQuF.html;2025-12-17T12:18:29.562350+00:00
749663808;Mateng мульчер, косареа садова, мульчатор;1450;USD;61234;None;{'city': {'id': 369, 'name': 'Чернівці', 'normalized_name': 'chernovtsy'}, 'region': {'id': 18, 'name': 'Чернівецька область', 'normalized_name': 'chv'}};"https://ireland.apollo.olxcdn.com:443/v1/files/24nb3kp5tprd3-UA/image;s=640x480";https://www.olx.ua/d/uk/obyavlenie/mateng-mulcher-kosarea-sadova-mulchator-IDOJwNK.html;2025-12-17T12:18:29.555296+00:00
892640114;Трактор John Deere 8400 1995 рік. мотор 260к.с. простий  і надійний;39500;EUR;1955159;None;{'city': {'id': 268, 'name': 'Київ', 'normalized_name': 'kiev'}, 'district': {'id': 1, 'name': 'Голосіївський'}, 'region': {'id': 25, 'name': 'Київська область', 'normalized_name': 'ko'}};"https://ireland.apollo.olxcdn.com:443/v1/files/8aiy19w0jwct-UA/image;s=640x480";https://www.olx.ua/d/uk/obyavlenie/traktor-john-deere-8400-1995-rk-motor-260k-s-prostiy-nadyniy-IDYpqtc.html;2025-12-17T12:18:29.548646+00:00
719700895;NEW Odes 650cm3 V-Tvin,EFI Доставка по Укр.;8399;USD;354693;None;{'city': {'id': 38697, 'name': 'Пасіки-Зубрицькі', 'normalized_name': 'paseki-zubritskie'}, 'region': {'id': 5, 'name': 'Львівська область', 'normalized_name': 'lv'}};"https://ireland.apollo.olxcdn.com:443/v1/files/7lb5kd8s2cxz1-UA/image;s=640x480";https://www.olx.ua/d/uk/obyavlenie/new-odes-650cm3-v-tvin-efi-dostavka-po-ukr-IDMHN4X.html;2025-12-17T12:18:28.883198+00:00
909388123;"Продам авто Шкода А5 в хорошому стані.
2008рік.";3999;USD;168879;None;{'city': {'id': 2563, 'name': 'Микуличин', 'normalized_name': 'mikulichin'}, 'region': {'id': 13, 'name': 'Івано-Франківська область', 'normalized_name': 'if'}};"https://ireland.apollo.olxcdn.com:443/v1/files/ii1b1ujli122-UA/image;s=640x480";https://www.olx.ua/d/uk/obyavlenie/prodam-avto-shkoda-a5-v-horoshomu-stan-2008rk-IDZxHon.html;2025-12-17T12:18:28.871506+00:00
800931447;Торговий прицеп кіоск, фасфуд, кавярня, кухня на колесах;195000;UAH;195000;None;{'city': {'id': 12053, 'name': 'Слобожанське', 'normalized_name': 'yubileynoe'}, 'region': {'id': 21, 'name': 'Дніпропетровська область', 'normalized_name': 'dnp'}};"https://ireland.apollo.olxcdn.com:443/v1/files/115vm72t1316-UA/image;s=640x480";https://www.olx.ua/d/uk/obyavlenie/torgoviy-pritsep-kosk-fasfud-kavyarnya-kuhnya-na-kolesah-IDScCR9.html;2025-12-17T12:18:28.863414+00:00
838778203;Forte ft200gy-c5b;850;USD;35895;None;{'city': {'id': 56555, 'name': 'Бакоти', 'normalized_name': 'bakoty'}, 'region': {'id': 11, 'name': 'Тернопільська область', 'normalized_name': 'ter'}};"https://ireland.apollo.olxcdn.com:443/v1/files/6aofg7r3qnu03-UA/image;s=640x480";https://www.olx.ua/d/uk/obyavlenie/forte-ft200gy-c5b-IDULqvH.html;2025-12-17T12:18:28.852070+00:00
909465423;Volkswagen Touran      2018;8400;USD;354735;None;{'city': {'id': 268, 'name': 'Київ', 'normalized_name': 'kiev'}, 'district': {'id': 15, 'name': 'Святошинський'}, 'region': {'id': 25, 'name': 'Київська область', 'normalized_name': 'ko'}};"https://ireland.apollo.olxcdn.com:443/v1/files/nlvc8cntqq7x1-UA/image;s=640x480";https://www.olx.ua/d/uk/obyavlenie/volkswagen-touran-2018-IDZy1w9.html;2025-12-17T12:18:28.142275+00:00
891439717;Renault Logan Газ/Бензин Надійне Комфотрте економне Авто!!!;3350;USD;141471;None;{'city': {'id': 69, 'name': 'Кропивницький', 'normalized_name': 'kropivnitskiy'}, 'district': {'id': 109, 'name': 'Подільський'}, 'region': {'id': 7, 'name': 'Кіровоградська область', 'normalized_name': 'kir'}};"https://ireland.apollo.olxcdn.com:443/v1/files/53j8gc4kt3b93-UA/image;s=640x480";https://www.olx.ua/d/uk/obyavlenie/renault-logan-gaz-benzin-nadyne-komfotrte-ekonomne-avto-IDYkobX.html;2025-12-17T12:18:28.134343+00:00
909353651;Honda NC750X Хонда турист.;5900;USD;249159;None;{'city': {'id': 206, 'name': 'Лубни', 'normalized_name': 'lubny'}, 'region': {'id': 15, 'name': 'Полтавська область', 'normalized_name': 'pol'}};"https://ireland.apollo.olxcdn.com:443/v1/files/z91p5a2og51b2-UA/image;s=640x480";https://www.olx.ua/d/uk/obyavlenie/honda-nc750x-honda-turist-IDZxyqn.html;2025-12-17T12:18:28.118426+00:00
708299672;Трактор т16мгУ1.;4600;USD;194259;None;{'city': {'id': 319, 'name': 'Верхньодніпровськ', 'normalized_name': 'verkhnedneprovsk'}, 'region': {'id': 21, 'name': 'Дніпропетровська область', 'normalized_name': 'dnp'}};"https://ireland.apollo.olxcdn.com:443/v1/files/ui0srm3cjeo33-UA/image;s=640x480";https://www.olx.ua/d/uk/obyavlenie/traktor-t16mgu1-IDLWX6g.html;2025-12-17T12:18:28.104977+00:00
909200495;Tesla Model S 90D 2017;17500;USD;739032;None;{'city': {'id': 313, 'name': 'Вінниця', 'normalized_name': 'vinnitsa'}, 'region': {'id': 24, 'name': 'Вінницька область', 'normalized_name': 'vin'}};"https://ireland.apollo.olxcdn.com:443/v1/files/ad58ucaoxd711-UA/image;s=640x480";https://www.olx.ua/d/uk/obyavlenie/tesla-model-s-90d-2017-IDZvUA7.html;2025-12-17T12:18:18.637214+00:00
907615894;Хонда аккорд 8 honda accord 8;9050;USD;382185;None;{'city': {'id': 324, 'name': 'Житомир', 'normalized_name': 'zhitomir'}, 'district': {'id': 168, 'name': 'Максютова'}, 'region': {'id': 6, 'name': 'Житомирська область', 'normalized_name': 'zht'}};"https://ireland.apollo.olxcdn.com:443/v1/files/26mlexysw4s5-UA/image;s=640x480";https://www.olx.ua/d/uk/obyavlenie/honda-akkord-8-honda-accord-8-IDZqgm2.html;2025-12-17T12:18:18.631458+00:00
908928660;Mitsubishi Pajero      2017;10000;USD;422304;None;{'city': {'id': 124, 'name': 'Рівне', 'normalized_name': 'rovno'}, 'region': {'id': 14, 'name': 'Рівненська область', 'normalized_name': 'rov'}};"https://ireland.apollo.olxcdn.com:443/v1/files/9x0tc71n4p2v-UA/image;s=640x480";https://www.olx.ua/d/uk/obyavlenie/mitsubishi-pajero-2017-IDZwLRG.html;2025-12-17T12:18:18.625417+00:00
909197509;Tekken250 R line;1500;USD;63345;None;{'city': {'id': 8609, 'name': 'Калитинка', 'normalized_name': 'kalitinka'}, 'region': {'id': 24, 'name': 'Вінницька область', 'normalized_name': 'vin'}};"https://ireland.apollo.olxcdn.com:443/v1/files/38idb8rjxlcs2-UA/image;s=640x480";https://www.olx.ua/d/uk/obyavlenie/tekken250-r-line-IDZvTNX.html;2025-12-17T12:18:18.619179+00:00
907989072;Трактор ЮМЗ-6 1981 року, з документами, справний.;99000;UAH;99000;None;{'city': {'id': 36267, 'name': 'Накваша', 'normalized_name': 'nakvasha'}, 'region': {'id': 5, 'name': 'Львівська область', 'normalized_name': 'lv'}};"https://ireland.apollo.olxcdn.com:443/v1/files/5xp9knsd17z6-UA/image;s=640x480";https://www.olx.ua/d/uk/obyavlenie/traktor-yumz-6-1981-roku-z-dokumentami-spravniy-IDZrPr2.html;2025-12-17T12:18:18.612044+00:00
747884606;Свіжопригнанаі ЗЕФІРА 2.0tdi 7місць;2500;USD;105576;None;{'city': {'id': 268, 'name': 'Київ', 'normalized_name': 'kiev'}, 'district': {'id': 11, 'name': 'Печерський'}, 'region': {'id': 25, 'name': 'Київська область', 'normalized_name': 'ko'}};"https://ireland.apollo.olxcdn.com:443/v1/files/kgvgvjlcbfzb2-UA/image;s=640x480";https://www.olx.ua/d/uk/obyavlenie/svzhoprignana-zefra-2-0tdi-7msts-IDOC2VV.html;2025-12-17T12:18:18.604122+00:00
909407069;Мазда 6 gg 2.0 Donc газ 2006 рік кузов цілий, гарний стан авто;4700;USD;198482;None;{'city': {'id': 313, 'name': 'Вінниця', 'normalized_name': 'vinnitsa'}, 'region': {'id': 24, 'name': 'Вінницька область', 'normalized_name': 'vin'}};"https://ireland.apollo.olxcdn.com:443/v1/files/aqd25e71sjtg2-UA/image;s=640x480";https://www.olx.ua/d/uk/obyavlenie/mazda-6-gg-2-0-donc-gaz-2006-rk-kuzov-tsliy-garniy-stan-avto-IDZxMjX.html;2025-12-17T12:18:18.597858+00:00
900306854;New‼️ мотоцикл питбайк KOVI PIT 150;1300;USD;54899;None;{'city': {'id': 48, 'name': 'Боярка', 'normalized_name': 'boyarka'}, 'region': {'id': 25, 'name': 'Київська область', 'normalized_name': 'ko'}};"https://ireland.apollo.olxcdn.com:443/v1/files/s8asaagz6f9d2-UA/image;s=640x480";https://www.olx.ua/d/uk/obyavlenie/new-mototsikl-pitbayk-kovi-pit-150-IDYWAVi.html;2025-12-17T12:18:18.591664+00:00
908879526;Rottor Puncher 250 pro;68000;UAH;68000;None;{'city': {'id': 60, 'name': 'Біла Церква', 'normalized_name': 'belayatserkov'}, 'region': {'id': 25, 'name': 'Київська область', 'normalized_name': 'ko'}};"https://ireland.apollo.olxcdn.com:443/v1/files/um4h2jhcle112-UA/image;s=640x480";https://www.olx.ua/d/uk/obyavlenie/rottor-puncher-250-pro-IDZwz5c.html;2025-12-17T12:18:18.585182+00:00
907043569;Картоплесаджалка;5000;UAH;5000;None;{'city': {'id': 8223, 'name': 'Подільське', 'normalized_name': 'suvorovskoe_8223'}, 'region': {'id': 24, 'name': 'Вінницька область', 'normalized_name': 'vin'}};"https://ireland.apollo.olxcdn.com:443/v1/files/ktb8sj4jmoor-UA/image;s=640x480";https://www.olx.ua/d/uk/obyavlenie/kartoplesadzhalka-IDZnRsZ.html;2025-12-17T12:18:18.579445+00:00
908935154;Продам фольцваген тоуран 7 мість євробляха;2900;USD;122468;None;{'city': {'id': 183, 'name': 'Тульчин', 'normalized_name': 'tulchin'}, 'region': {'id': 24, 'name': 'Вінницька область', 'normalized_name': 'vin'}};"https://ireland.apollo.olxcdn.com:443/v1/files/cds61ri42wfi2-UA/image;s=640x480";https://www.olx.ua/d/uk/obyavlenie/prodam-foltsvagen-touran-7-mst-vroblyaha-IDZwNyq.html;2025-12-17T12:18:18.573904+00:00
888287426;Електроскутер NISA K3 Преміальна якість в Арт мото мопед скутер;1100;USD;46453;None;{'city': {'id': 145, 'name': 'Черкаси', 'normalized_name': 'cherkassy'}, 'region': {'id': 12, 'name': 'Черкаська область', 'normalized_name': 'chk'}};"https://ireland.apollo.olxcdn.com:443/v1/files/kgbo3pfthji8-UA/image;s=640x480";https://www.olx.ua/d/uk/obyavlenie/elektroskuter-nisa-k3-premalna-yakst-v-art-moto-moped-skuter-IDY7a8y.html;2025-12-17T12:18:18.567578+00:00
909501989;Продам МТЗ в гарному стані;22000;USD;929068;None;{'city': {'id': 13615, 'name': 'Лобойківка', 'normalized_name': 'loboykovka'}, 'region': {'id': 21, 'name': 'Дніпропетровська область', 'normalized_name': 'dnp'}};"https://ireland.apollo.olxcdn.com:443/v1/files/kp7r85xq98tc1-UA/image;s=640x480";https://www.olx.ua/d/uk/obyavlenie/prodam-mtz-v-garnomu-stan-IDZyb0W.html;2025-12-17T12:18:18.561971+00:00
908182142;Продам Nissan march 1985 года;1100;USD;46453;None;{'city': {'id': 62, 'name': 'Одеса', 'normalized_name': 'odessa'}, 'district': {'id': 87, 'name': 'Хаджибейський'}, 'region': {'id': 9, 'name': 'Одеська область', 'normalized_name': 'od'}};"https://ireland.apollo.olxcdn.com:443/v1/files/p9r5ho4xzdls3-UA/image;s=640x480";https://www.olx.ua/d/uk/obyavlenie/prodam-nissan-march-1985-goda-IDZsDF4.html;2025-12-17T12:18:18.555450+00:00
907306130;ISEKI GEAS-27 Японський Трактор Компанія Вест;12700;USD;536326;None;{'city': {'id': 362, 'name': 'Тернопіль', 'normalized_name': 'ternopol'}, 'region': {'id': 11, 'name': 'Тернопільська область', 'normalized_name': 'ter'}};"https://ireland.apollo.olxcdn.com:443/v1/files/ylsli2rcdazk2-UA/image;s=640x480";https://www.olx.ua/d/uk/obyavlenie/iseki-geas-27-yaponskiy-traktor-kompanya-vest-IDZoXLQ.html;2025-12-17T12:18:18.547590+00:00
908483911;Продажа Dacia  Logan MCV 2008 г. 7 мест , 1.6 mpi .;3950;USD;166810;None;{'city': {'id': 121, 'name': 'Дніпро', 'normalized_name': 'dnepr'}, 'district': {'id': 117, 'name': 'Індустріальний'}, 'region': {'id': 21, 'name': 'Дніпропетровська область', 'normalized_name': 'dnp'}};"https://ireland.apollo.olxcdn.com:443/v1/files/yyly7gxwz2ig1-UA/image;s=640x480";https://www.olx.ua/d/uk/obyavlenie/prodazha-dacia-logan-mcv-2008-g-7-mest-1-6-mpi-IDZtUaj.html;2025-12-17T12:18:18.540827+00:00
907645489;Мазда 6 gg 2.0 бензин, АКПП, торг.;4200;USD;177367;None;{'city': {'id': 280, 'name': 'Харків', 'normalized_name': 'kharkov'}, 'district': {'id': 75, 'name': 'Салтівський'}, 'region': {'id': 8, 'name': 'Харківська область', 'normalized_name': 'kha'}};"https://ireland.apollo.olxcdn.com:443/v1/files/kj9c270zqrtu3-UA/image;s=640x480";https://www.olx.ua/d/uk/obyavlenie/mazda-6-gg-2-0-benzin-akpp-torg-IDZqo3n.html;2025-12-17T12:18:18.534516+00:00
907232807;"Daewoo Lanos D4LM500 , 2002р. Поляк ,1.5л Газ/бензин
Седан Daewoo La";2100;USD;88683;None;{'city': {'id': 84, 'name': 'Бровари', 'normalized_name': 'brovary'}, 'region': {'id': 25, 'name': 'Київська область', 'normalized_name': 'ko'}};"https://ireland.apollo.olxcdn.com:443/v1/files/9czo2xzxvdzt3-UA/image;s=640x480";https://www.olx.ua/d/uk/obyavlenie/daewoo-lanos-d4lm500-2002r-polyak-1-5l-gaz-benzinsedan-daewoo-la-IDZoEHd.html;2025-12-17T12:18:18.527779+00:00
908490568;KIA Sportage 1 дизель обмен;120000;UAH;120000;None;{'city': {'id': 82, 'name': 'Лозова', 'normalized_name': 'lozovaya'}, 'region': {'id': 8, 'name': 'Харківська область', 'normalized_name': 'kha'}};"https://ireland.apollo.olxcdn.com:443/v1/files/29tfp28wqpv51-UA/image;s=640x480";https://www.olx.ua/d/uk/obyavlenie/kia-sportage-1-dizel-obmen-IDZtWTG.html;2025-12-17T12:18:18.521348+00:00
909020874;Шкода октавія а5 рестайлинг;3300;USD;139360;None;{'city': {'id': 48, 'name': 'Боярка', 'normalized_name': 'boyarka'}, 'region': {'id': 25, 'name': 'Київська область', 'normalized_name': 'ko'}};"https://ireland.apollo.olxcdn.com:443/v1/files/q5upobkyt4z43-UA/image;s=640x480";https://www.olx.ua/d/uk/obyavlenie/shkoda-oktavya-a5-restayling-IDZv9R0.html;2025-12-17T12:18:18.515067+00:00
908304474;Dong Feng Kentavr ДТЗ Lovol Донг фенг Xingtai Обмін Тракторів Foton;5350;USD;225932;None;{'city': {'id': 130, 'name': 'Радехів', 'normalized_name': 'radekhov'}, 'region': {'id': 5, 'name': 'Львівська область', 'normalized_name': 'lv'}};"https://ireland.apollo.olxcdn.com:443/v1/files/130upsurzp331-UA/image;s=640x480";https://www.olx.ua/d/uk/obyavlenie/dong-feng-kentavr-dtz-lovol-dong-feng-xingtai-obmn-traktorv-foton-IDZt9ua.html;2025-12-17T12:18:18.508709+00:00
908928082;Kia Sportage EX      2013;4500;USD;190036;None;{'city': {'id': 121, 'name': 'Дніпро', 'normalized_name': 'dnepr'}, 'district': {'id': 125, 'name': 'Самарський'}, 'region': {'id': 21, 'name': 'Дніпропетровська область', 'normalized_name': 'dnp'}};"https://ireland.apollo.olxcdn.com:443/v1/files/fqkak6eextwa2-UA/image;s=640x480";https://www.olx.ua/d/uk/obyavlenie/kia-sportage-ex-2013-IDZwLIm.html;2025-12-17T12:18:18.501272+00:00
907614079;JCB 3cx екскаватор навантажувач 2009р;46500;EUR;2301643;None;{'city': {'id': 72, 'name': 'Луцьк', 'normalized_name': 'lutsk'}, 'region': {'id': 22, 'name': 'Волинська область', 'normalized_name': 'vol'}};"https://ireland.apollo.olxcdn.com:443/v1/files/0wu2agsguz4r3-UA/image;s=640x480";https://www.olx.ua/d/uk/obyavlenie/jcb-3cx-ekskavator-navantazhuvach-2009r-IDZqfSL.html;2025-12-17T12:18:18.495441+00:00
887467772;Minilift 08 кран маніпулятор;3450;USD;145694;None;{'city': {'id': 137, 'name': 'Калинівка', 'normalized_name': 'kalinovka'}, 'region': {'id': 24, 'name': 'Вінницька область', 'normalized_name': 'vin'}};"https://ireland.apollo.olxcdn.com:443/v1/files/whu1rdz161yi-UA/image;s=640x480";https://www.olx.ua/d/uk/obyavlenie/minilift-08-kran-manpulyator-IDY3IUk.html;2025-12-17T12:18:18.489587+00:00
871216518;ПЛЕНКОУКЛАДЧИК формирователь парников;120000;UAH;120000;None;{'city': {'id': 194, 'name': 'Запоріжжя', 'normalized_name': 'zaporozhe'}, 'district': {'id': 43, 'name': 'Комунарський'}, 'region': {'id': 17, 'name': 'Запорізька область', 'normalized_name': 'zap'}};"https://ireland.apollo.olxcdn.com:443/v1/files/0cdx3ec54xam-UA/image;s=640x480";https://www.olx.ua/d/uk/obyavlenie/plenkoukladchik-formirovatel-parnikov-IDVXxdk.html;2025-12-17T12:18:18.483307+00:00
908999065;Продам трактор Т 40;3500;USD;147806;None;{'city': {'id': 645, 'name': 'Млинів', 'normalized_name': 'mlinov'}, 'region': {'id': 14, 'name': 'Рівненська область', 'normalized_name': 'rov'}};"https://ireland.apollo.olxcdn.com:443/v1/files/p65ux1bsjj0a1-UA/image;s=640x480";https://www.olx.ua/d/uk/obyavlenie/prodam-traktor-t-40-IDZv4bf.html;2025-12-17T12:18:18.476559+00:00
909286191;Ваз 2114  не фарбована;1700;USD;71791;None;{'city': {'id': 69, 'name': 'Кропивницький', 'normalized_name': 'kropivnitskiy'}, 'district': {'id': 107, 'name': 'Фортечний'}, 'region': {'id': 7, 'name': 'Кіровоградська область', 'normalized_name': 'kir'}};"https://ireland.apollo.olxcdn.com:443/v1/files/ow42va2l23ve3-UA/image;s=640x480";https://www.olx.ua/d/uk/obyavlenie/vaz-2114-ne-farbovana-IDZxgSj.html;2025-12-17T12:18:18.469981+00:00
909057567;Транспортер т5 груз-пас;7000;USD;295612;None;{'city': {'id': 275, 'name': 'Зміїв', 'normalized_name': 'zmiev'}, 'region': {'id': 8, 'name': 'Харківська область', 'normalized_name': 'kha'}};"https://ireland.apollo.olxcdn.com:443/v1/files/mndhvcp6odhb-UA/image;s=640x480";https://www.olx.ua/d/uk/obyavlenie/transporter-t5-gruz-pas-IDZvjoP.html;2025-12-17T12:18:18.461652+00:00
907301878;MITSUBISHI mt-200 Японський Трактор;7300;USD;308281;None;{'city': {'id': 362, 'name': 'Тернопіль', 'normalized_name': 'ternopol'}, 'region': {'id': 11, 'name': 'Тернопільська область', 'normalized_name': 'ter'}};"https://ireland.apollo.olxcdn.com:443/v1/files/93gbh7ec12842-UA/image;s=640x480";https://www.olx.ua/d/uk/obyavlenie/mitsubishi-mt-200-yaponskiy-traktor-IDZoVFg.html;2025-12-17T12:18:18.455752+00:00
908906627;Продаю строчно омега А;750;USD;31672;None;{'city': {'id': 106, 'name': 'Миколаїв', 'normalized_name': 'nikolaev_106'}, 'district': {'id': 139, 'name': 'Заводський'}, 'region': {'id': 19, 'name': 'Миколаївська область', 'normalized_name': 'nik'}};"https://ireland.apollo.olxcdn.com:443/v1/files/xnopadut6itf1-UA/image;s=640x480";https://www.olx.ua/d/uk/obyavlenie/prodayu-strochno-omega-a-IDZwG8j.html;2025-12-17T12:18:18.449480+00:00
909203442;Продам гольф 7 полный привод тди;11500;USD;485649;None;{'city': {'id': 340, 'name': 'Кривий Ріг', 'normalized_name': 'krivoyrog'}, 'district': {'id': 97, 'name': 'Покровський'}, 'region': {'id': 21, 'name': 'Дніпропетровська область', 'normalized_name': 'dnp'}};"https://ireland.apollo.olxcdn.com:443/v1/files/2k89pvtkghu61-UA/image;s=640x480";https://www.olx.ua/d/uk/obyavlenie/prodam-golf-7-polnyy-privod-tdi-IDZvWlE.html;2025-12-17T12:18:18.443420+00:00
908098148;Продам ваз 2104.;850;USD;35895;None;{'city': {'id': 194, 'name': 'Запоріжжя', 'normalized_name': 'zaporozhe'}, 'district': {'id': 39, 'name': 'Олександрiвський'}, 'region': {'id': 17, 'name': 'Запорізька область', 'normalized_name': 'zap'}};"https://ireland.apollo.olxcdn.com:443/v1/files/iif43p74u1ib1-UA/image;s=640x480";https://www.olx.ua/d/uk/obyavlenie/prodam-vaz-2104-IDZshOk.html;2025-12-17T12:18:18.436002+00:00
908493071;Продам MAN 12.180;12000;USD;506764;None;{'city': {'id': 280, 'name': 'Харків', 'normalized_name': 'kharkov'}, 'district': {'id': 77, 'name': 'Новобаварський '}, 'region': {'id': 8, 'name': 'Харківська область', 'normalized_name': 'kha'}};"https://ireland.apollo.olxcdn.com:443/v1/files/o68f7wmx2um62-UA/image;s=640x480";https://www.olx.ua/d/uk/obyavlenie/prodam-man-12-180-IDZtVy3.html;2025-12-17T12:18:18.430549+00:00
907892308;Мотоцикл Suzuki GSX - 8R 2024.;4150;USD;175256;None;{'city': {'id': 61, 'name': 'Херсон', 'normalized_name': 'kherson'}, 'region': {'id': 3, 'name': 'Херсонська область', 'normalized_name': 'khe'}};"https://ireland.apollo.olxcdn.com:443/v1/files/o1pt8b1cd97m3-UA/image;s=640x480";https://www.olx.ua/d/uk/obyavlenie/mototsikl-suzuki-gsx-8r-2024-IDZrqgk.html;2025-12-17T12:18:18.424575+00:00
908197880;Продам DAF ATI 2000 р.в. Довжина буди 9.3 м.;3800;USD;160475;None;{'city': {'id': 11025, 'name': 'Луків', 'normalized_name': 'lukov_11025'}, 'region': {'id': 22, 'name': 'Волинська область', 'normalized_name': 'vol'}};"https://ireland.apollo.olxcdn.com:443/v1/files/amikykg1etil3-UA/image;s=640x480";https://www.olx.ua/d/uk/obyavlenie/prodam-daf-ati-2000-r-v-dovzhina-budi-9-3-m-IDZsHKU.html;2025-12-17T12:18:18.418667+00:00
909020124;Продам самодельний трактор;20000;UAH;20000;None;{'city': {'id': 28, 'name': 'Буча', 'normalized_name': 'bucha'}, 'region': {'id': 25, 'name': 'Київська область', 'normalized_name': 'ko'}};"https://ireland.apollo.olxcdn.com:443/v1/files/ej1olcdcd3zp1-UA/image;s=640x480";https://www.olx.ua/d/uk/obyavlenie/prodam-samodelniy-traktor-IDZv9EU.html;2025-12-17T12:18:18.413192+00:00
895147893;Борона дискова причіпна БДП 3.2;350000;UAH;350000;None;{'city': {'id': 69, 'name': 'Кропивницький', 'normalized_name': 'kropivnitskiy'}, 'district': {'id': 107, 'name': 'Фортечний'}, 'region': {'id': 7, 'name': 'Кіровоградська область', 'normalized_name': 'kir'}};"https://ireland.apollo.olxcdn.com:443/v1/files/st89afadnxxv1-UA/image;s=640x480";https://www.olx.ua/d/uk/obyavlenie/borona-diskova-prichpna-bdp-3-2-IDYzVRf.html;2025-12-17T12:18:18.406830+00:00
887453966;Коса 1.35 на китаєць;1300;USD;54899;None;{'city': {'id': 50963, 'name': 'Ставище', 'normalized_name': 'stavische_50963'}, 'region': {'id': 14, 'name': 'Рівненська область', 'normalized_name': 'rov'}};"https://ireland.apollo.olxcdn.com:443/v1/files/wjzdbvicasik1-UA/image;s=640x480";https://www.olx.ua/d/uk/obyavlenie/kosa-1-35-na-kitats-IDY3FjE.html;2025-12-17T12:18:18.400441+00:00
909410575;КРН 5,6 з внесенням КАС;3200;USD;135137;None;{'city': {'id': 44225, 'name': 'Солтанівка', 'normalized_name': 'soltanovka'}, 'region': {'id': 9, 'name': 'Одеська область', 'normalized_name': 'od'}};"https://ireland.apollo.olxcdn.com:443/v1/files/5pj75qvgptyb-UA/image;s=640x480";https://www.olx.ua/d/uk/obyavlenie/krn-5-6-z-vnesennyam-kas-IDZxNew.html;2025-12-17T12:18:18.395157+00:00
909197516;Lexus LS 460 Газ-Бензин!!!;19900;USD;840384;None;"{'city': {'id': 28057, 'name': ""Знам'янка"", 'normalized_name': 'znamenka'}, 'region': {'id': 7, 'name': 'Кіровоградська область', 'normalized_name': 'kir'}}";"https://ireland.apollo.olxcdn.com:443/v1/files/74jp3qtnmxbh2-UA/image;s=640x480";https://www.olx.ua/d/uk/obyavlenie/lexus-ls-460-gaz-benzin-IDZvTO4.html;2025-12-17T12:18:18.387707+00:00
909228293;Продам мотоцикл стан практично новий;45000;UAH;45000;None;{'city': {'id': 11095, 'name': 'Ставки', 'normalized_name': 'stavki_11095'}, 'region': {'id': 22, 'name': 'Волинська область', 'normalized_name': 'vol'}};"https://ireland.apollo.olxcdn.com:443/v1/files/521o28c58lcp1-UA/image;s=640x480";https://www.olx.ua/d/uk/obyavlenie/prodam-mototsikl-stan-praktichno-noviy-IDZx1Ot.html;2025-12-17T12:18:18.378453+00:00
908490384;Японський мінітрактор Kubota GL21;7500;USD;316728;None;{'city': {'id': 62, 'name': 'Одеса', 'normalized_name': 'odessa'}, 'district': {'id': 91, 'name': 'Пересипський'}, 'region': {'id': 9, 'name': 'Одеська область', 'normalized_name': 'od'}};"https://ireland.apollo.olxcdn.com:443/v1/files/9smeiuuoy6f31-UA/image;s=640x480";https://www.olx.ua/d/uk/obyavlenie/yaponskiy-mntraktor-kubota-gl21-IDZtWQI.html;2025-12-17T12:18:18.371571+00:00
909344716;Продаж авто Opel insignia;3500;USD;147806;None;{'city': {'id': 132, 'name': 'Івано-Франківськ', 'normalized_name': 'ivano-frankovsk'}, 'region': {'id': 13, 'name': 'Івано-Франківська область', 'normalized_name': 'if'}};"https://ireland.apollo.olxcdn.com:443/v1/files/dyb5fbumalf32-UA/image;s=640x480";https://www.olx.ua/d/uk/obyavlenie/prodazh-avto-opel-insignia-IDZxv6g.html;2025-12-17T12:18:18.365504+00:00
909034646;Продам мопед вайпер актів 110;5000;UAH;5000;None;{'city': {'id': 18797, 'name': 'Билбасівка', 'normalized_name': 'bylbasovka'}, 'region': {'id': 4, 'name': 'Донецька область', 'normalized_name': 'don'}};"https://ireland.apollo.olxcdn.com:443/v1/files/wx87kl4x076p3-UA/image;s=640x480";https://www.olx.ua/d/uk/obyavlenie/prodam-moped-vayper-aktv-110-IDZvdr8.html;2025-12-17T12:18:18.359202+00:00
909033784;Продам трактор ЮМЗ;1480;USD;62500;None;{'city': {'id': 36143, 'name': 'Броди', 'normalized_name': 'brody_36143'}, 'region': {'id': 5, 'name': 'Львівська область', 'normalized_name': 'lv'}};"https://ireland.apollo.olxcdn.com:443/v1/files/w2r3hbaqw5nk2-UA/image;s=640x480";https://www.olx.ua/d/uk/obyavlenie/prodam-traktor-yumz-IDZvdde.html;2025-12-17T12:18:18.351026+00:00
908895849;До вашої уваги прекрасний малюк.део Матіз;2300;USD;97129;None;{'city': {'id': 118, 'name': 'Павлоград', 'normalized_name': 'pavlograd'}, 'region': {'id': 21, 'name': 'Дніпропетровська область', 'normalized_name': 'dnp'}};"https://ireland.apollo.olxcdn.com:443/v1/files/z8frp6jpo1el-UA/image;s=640x480";https://www.olx.ua/d/uk/obyavlenie/do-vasho-uvagi-prekrasniy-malyuk-deo-matz-IDZwDkt.html;2025-12-17T12:18:18.344511+00:00
907908560;VOLKSWAGEN Golf • VII 1.6 TDI (115к.с.)г;11900;USD;502541;None;{'city': {'id': 121, 'name': 'Дніпро', 'normalized_name': 'dnepr'}, 'district': {'id': 117, 'name': 'Індустріальний'}, 'region': {'id': 21, 'name': 'Дніпропетровська область', 'normalized_name': 'dnp'}};"https://ireland.apollo.olxcdn.com:443/v1/files/tn5smfeinipx2-UA/image;s=640x480";https://www.olx.ua/d/uk/obyavlenie/volkswagen-golf-vii-1-6-tdi-115k-s-g-IDZruus.html;2025-12-17T12:18:18.336594+00:00
909021495;Yamaha R1 YFZ R1;4500;USD;190036;None;{'city': {'id': 39473, 'name': 'Угринів', 'normalized_name': 'ugrinov_39473'}, 'region': {'id': 5, 'name': 'Львівська область', 'normalized_name': 'lv'}};"https://ireland.apollo.olxcdn.com:443/v1/files/zb1xamm5h9r23-UA/image;s=640x480";https://www.olx.ua/d/uk/obyavlenie/yamaha-r1-yfz-r1-IDZva11.html;2025-12-17T12:18:18.330629+00:00
908927444;Hyundai Veloster Turbo      2016;2500;USD;105576;None;{'city': {'id': 268, 'name': 'Київ', 'normalized_name': 'kiev'}, 'district': {'id': 7, 'name': 'Дніпровський'}, 'region': {'id': 25, 'name': 'Київська область', 'normalized_name': 'ko'}};"https://ireland.apollo.olxcdn.com:443/v1/files/3w7d5ttwssml-UA/image;s=640x480";https://www.olx.ua/d/uk/obyavlenie/hyundai-veloster-turbo-2016-IDZwLy4.html;2025-12-17T12:18:18.324799+00:00
904864260;Кемпінг, дім на колесах;3650;USD;154140;None;{'city': {'id': 60, 'name': 'Біла Церква', 'normalized_name': 'belayatserkov'}, 'region': {'id': 25, 'name': 'Київська область', 'normalized_name': 'ko'}};"https://ireland.apollo.olxcdn.com:443/v1/files/nryckxalgbuo-UA/image;s=640x480";https://www.olx.ua/d/uk/obyavlenie/kempng-dm-na-kolesah-IDZeIvQ.html;2025-12-17T12:18:18.318132+00:00
905134853;Мінінавантажувач Avant 523 - одна машина - безліч можливостей!;33600;EUR;1663122;None;{'city': {'id': 362, 'name': 'Тернопіль', 'normalized_name': 'ternopol'}, 'region': {'id': 11, 'name': 'Тернопільська область', 'normalized_name': 'ter'}};"https://ireland.apollo.olxcdn.com:443/v1/files/h9qojv6ji3vy2-UA/image;s=640x480";https://www.olx.ua/d/uk/obyavlenie/mnnavantazhuvach-avant-523-odna-mashina-bezlch-mozhlivostey-IDZfQWf.html;2025-12-17T12:18:18.312347+00:00
884040522;Трицикол CROSSER TR-1 2025 року 600-1000 W 72V20A  ДОСТАВКА;31000;UAH;31000;None;{'city': {'id': 10421, 'name': 'Колки', 'normalized_name': 'kolki'}, 'region': {'id': 22, 'name': 'Волинська область', 'normalized_name': 'vol'}};"https://ireland.apollo.olxcdn.com:443/v1/files/nj9bugd69pwt1-UA/image;s=640x480";https://www.olx.ua/d/uk/obyavlenie/tritsikol-crosser-tr-1-2025-roku-600-1000-w-72v20a-dostavka-IDXPlk6.html;2025-12-17T12:18:18.306187+00:00
908329095;Продам газ 53 самосвал;3000;USD;126691;None;{'city': {'id': 23767, 'name': 'Букове', 'normalized_name': 'bukovoe_23767'}, 'region': {'id': 10, 'name': 'Закарпатська область', 'normalized_name': 'zak'}};"https://ireland.apollo.olxcdn.com:443/v1/files/cfioz27i0zgf2-UA/image;s=640x480";https://www.olx.ua/d/uk/obyavlenie/prodam-gaz-53-samosval-IDZtfTh.html;2025-12-17T12:18:18.300260+00:00
908286188;Миргород 50 к.с.  ENEY TB504Cз кондиц.,компресором,камерою задн.виду;17500;USD;739032;None;{'city': {'id': 95, 'name': 'Миргород', 'normalized_name': 'mirgorod'}, 'region': {'id': 15, 'name': 'Полтавська область', 'normalized_name': 'pol'}};"https://ireland.apollo.olxcdn.com:443/v1/files/gs5pzsjo4bji1-UA/image;s=640x480";https://www.olx.ua/d/uk/obyavlenie/mirgorod-50-k-s-eney-tb504cz-kondits-kompresorom-kameroyu-zadn-vidu-IDZt4Je.html;2025-12-17T12:18:18.294241+00:00
909017874;Продам volkswagen touareg 3,2 газ/бенз;2900;USD;122468;None;{'city': {'id': 280, 'name': 'Харків', 'normalized_name': 'kharkov'}, 'district': {'id': 73, 'name': 'Холодногірський'}, 'region': {'id': 8, 'name': 'Харківська область', 'normalized_name': 'kha'}};"https://ireland.apollo.olxcdn.com:443/v1/files/b2iky8ahx15u2-UA/image;s=640x480";https://www.olx.ua/d/uk/obyavlenie/prodam-volkswagen-touareg-3-2-gaz-benz-IDZv94C.html;2025-12-17T12:18:18.288353+00:00
908925639;BMW 7 Series 750i xDrive      2015;6150;USD;259716;None;{'city': {'id': 69, 'name': 'Кропивницький', 'normalized_name': 'kropivnitskiy'}, 'district': {'id': 109, 'name': 'Подільський'}, 'region': {'id': 7, 'name': 'Кіровоградська область', 'normalized_name': 'kir'}};"https://ireland.apollo.olxcdn.com:443/v1/files/krrkskdlmag5-UA/image;s=640x480";https://www.olx.ua/d/uk/obyavlenie/bmw-7-series-750i-xdrive-2015-IDZwL4X.html;2025-12-17T12:18:18.282233+00:00
909126416;Продам Форд Транзит;2900;USD;122468;None;{'city': {'id': 49127, 'name': 'Хорол', 'normalized_name': 'horol'}, 'region': {'id': 15, 'name': 'Полтавська область', 'normalized_name': 'pol'}};"https://ireland.apollo.olxcdn.com:443/v1/files/ocnltdkvtx8p2-UA/image;s=640x480";https://www.olx.ua/d/uk/obyavlenie/prodam-ford-tranzit-IDZvBji.html;2025-12-17T12:18:18.275659+00:00
907603680;Opel combo 1.6 дизель;5400;USD;228044;None;{'city': {'id': 284, 'name': 'Полтава', 'normalized_name': 'poltava'}, 'region': {'id': 15, 'name': 'Полтавська область', 'normalized_name': 'pol'}};"https://ireland.apollo.olxcdn.com:443/v1/files/zcgokh59ukjw-UA/image;s=640x480";https://www.olx.ua/d/uk/obyavlenie/opel-combo-1-6-dizel-IDZqdb2.html;2025-12-17T12:18:18.269302+00:00
908536086;Продам Cf moto 450 eps;3999;USD;168879;None;{'city': {'id': 80, 'name': 'Люботин', 'normalized_name': 'lyubotin'}, 'region': {'id': 8, 'name': 'Харківська область', 'normalized_name': 'kha'}};"https://ireland.apollo.olxcdn.com:443/v1/files/tqw2qtem53wz-UA/image;s=640x480";https://www.olx.ua/d/uk/obyavlenie/prodam-cf-moto-450-eps-IDZu7JQ.html;2025-12-17T12:18:18.260984+00:00
909407419;Shineray Nitrox 300;1650;USD;69680;None;{'city': {'id': 23781, 'name': 'Вилок', 'normalized_name': 'vilok'}, 'region': {'id': 10, 'name': 'Закарпатська область', 'normalized_name': 'zak'}};"https://ireland.apollo.olxcdn.com:443/v1/files/75fwpb2io3vc1-UA/image;s=640x480";https://www.olx.ua/d/uk/obyavlenie/shineray-nitrox-300-IDZxMpB.html;2025-12-17T12:18:18.254718+00:00
907403412;Ваз 21099 инжектор гбо4;1700;USD;71791;None;{'city': {'id': 194, 'name': 'Запоріжжя', 'normalized_name': 'zaporozhe'}, 'district': {'id': 43, 'name': 'Комунарський'}, 'region': {'id': 17, 'name': 'Запорізька область', 'normalized_name': 'zap'}};"https://ireland.apollo.olxcdn.com:443/v1/files/tqok1zisu9t53-UA/image;s=640x480";https://www.olx.ua/d/uk/obyavlenie/vaz-21099-inzhektor-gbo4-IDZpn4U.html;2025-12-17T12:18:18.248223+00:00
908876310;Новий мотоцикл Shineray CXR250 2025р.|24.5к.с.|6ти КПП|повітр.-олійне;1800;USD;76014;None;{'city': {'id': 284, 'name': 'Полтава', 'normalized_name': 'poltava'}, 'region': {'id': 15, 'name': 'Полтавська область', 'normalized_name': 'pol'}};"https://ireland.apollo.olxcdn.com:443/v1/files/ot1zhlslqmv81-UA/image;s=640x480";https://www.olx.ua/d/uk/obyavlenie/noviy-mototsikl-shineray-cxr250-2025r-24-5k-s-6ti-kpp-povtr-olyne-IDZwyfk.html;2025-12-17T12:18:18.240854+00:00
729508074;Трактор LOVOL 244. Продаж та ОБМІН. Доставка. Гарантія.;6300;USD;266051;None;{'city': {'id': 313, 'name': 'Вінниця', 'normalized_name': 'vinnitsa'}, 'region': {'id': 24, 'name': 'Вінницька область', 'normalized_name': 'vin'}};"https://ireland.apollo.olxcdn.com:443/v1/files/23mlo4fqy9ad1-UA/image;s=640x480";https://www.olx.ua/d/uk/obyavlenie/traktor-lovol-244-prodazh-ta-obmn-dostavka-garantya-IDNmVng.html;2025-12-17T12:18:18.235241+00:00
900430590;Продається МТЗ 82 2019 року;680000;UAH;680000;None;{'city': {'id': 135, 'name': 'Тараща', 'normalized_name': 'tarashcha'}, 'region': {'id': 25, 'name': 'Київська область', 'normalized_name': 'ko'}};"https://ireland.apollo.olxcdn.com:443/v1/files/fscvqilfo0zs2-UA/image;s=640x480";https://www.olx.ua/d/uk/obyavlenie/prodatsya-mtz-82-2019-roku-IDYV782.html;2025-12-17T12:18:17.566586+00:00
908925371;BMW 3 Series 330i      2020;8400;USD;354735;None;{'city': {'id': 362, 'name': 'Тернопіль', 'normalized_name': 'ternopol'}, 'region': {'id': 11, 'name': 'Тернопільська область', 'normalized_name': 'ter'}};"https://ireland.apollo.olxcdn.com:443/v1/files/ys3xvps5c06r3-UA/image;s=640x480";https://www.olx.ua/d/uk/obyavlenie/bmw-3-series-330i-2020-IDZwL0D.html;2025-12-17T12:18:17.561231+00:00
908738565;Renault Duster 1.6 газ/бензин;11000;USD;464534;None;"{'city': {'id': 268, 'name': 'Київ', 'normalized_name': 'kiev'}, 'district': {'id': 17, 'name': ""Солом'янський""}, 'region': {'id': 25, 'name': 'Київська область', 'normalized_name': 'ko'}}";"https://ireland.apollo.olxcdn.com:443/v1/files/8vfqjt68i888-UA/image;s=640x480";https://www.olx.ua/d/uk/obyavlenie/renault-duster-1-6-gaz-benzin-IDZuYpD.html;2025-12-17T12:18:17.556040+00:00
908667582;Passat b5 1.8 mt;3300;USD;139360;None;{'city': {'id': 247, 'name': 'Ужгород', 'normalized_name': 'uzhgorod'}, 'region': {'id': 10, 'name': 'Закарпатська область', 'normalized_name': 'zak'}};"https://ireland.apollo.olxcdn.com:443/v1/files/7u826x7l4pld2-UA/image;s=640x480";https://www.olx.ua/d/uk/obyavlenie/passat-b5-1-8-mt-IDZuFVK.html;2025-12-17T12:18:17.548576+00:00
909408216;Бмв 7 бмв е65 bmw e65;4300;USD;181590;None;{'city': {'id': 121, 'name': 'Дніпро', 'normalized_name': 'dnepr'}, 'district': {'id': 113, 'name': 'Шевченківський'}, 'region': {'id': 21, 'name': 'Дніпропетровська область', 'normalized_name': 'dnp'}};"https://ireland.apollo.olxcdn.com:443/v1/files/8v7zodatpubw-UA/image;s=640x480";https://www.olx.ua/d/uk/obyavlenie/bmv-7-bmv-e65-bmw-e65-IDZxMCs.html;2025-12-17T12:18:17.543348+00:00
908162334;Електроскутер трицикл грузовий Titan 2500Вт, муравей, гарантія;59900;UAH;59900;None;{'city': {'id': 62, 'name': 'Одеса', 'normalized_name': 'odessa'}, 'district': {'id': 91, 'name': 'Пересипський'}, 'region': {'id': 9, 'name': 'Одеська область', 'normalized_name': 'od'}};"https://ireland.apollo.olxcdn.com:443/v1/files/zfgugv2yg9kd2-UA/image;s=640x480";https://www.olx.ua/d/uk/obyavlenie/elektroskuter-tritsikl-gruzoviy-titan-2500vt-muravey-garantya-IDZsywA.html;2025-12-17T12:18:17.537580+00:00
907245388;Продам мтз 921 ...2011р;13000;USD;548995;None;{'city': {'id': 69077, 'name': 'Іванівці', 'normalized_name': 'ivanovke_69077'}, 'region': {'id': 18, 'name': 'Чернівецька область', 'normalized_name': 'chv'}};"https://ireland.apollo.olxcdn.com:443/v1/files/o38dxm7a5ugl3-UA/image;s=640x480";https://www.olx.ua/d/uk/obyavlenie/prodam-mtz-921-2011r-IDZoHY8.html;2025-12-17T12:18:17.531562+00:00
908740189;Wagon 4 Состояние хорошее;10000;USD;422304;None;{'city': {'id': 121, 'name': 'Дніпро', 'normalized_name': 'dnepr'}, 'district': {'id': 111, 'name': 'Амур-Нижньодніпровський '}, 'region': {'id': 21, 'name': 'Дніпропетровська область', 'normalized_name': 'dnp'}};"https://ireland.apollo.olxcdn.com:443/v1/files/nwf0iaqzlgl33-UA/image;s=640x480";https://www.olx.ua/d/uk/obyavlenie/wagon-4-sostoyanie-horoshee-IDZuYPP.html;2025-12-17T12:18:17.525592+00:00
909394697;Ford Escape. 2012.на ходу. С докумкнтами.;6000;USD;253382;None;{'city': {'id': 268, 'name': 'Київ', 'normalized_name': 'kiev'}, 'district': {'id': 7, 'name': 'Дніпровський'}, 'region': {'id': 25, 'name': 'Київська область', 'normalized_name': 'ko'}};"https://ireland.apollo.olxcdn.com:443/v1/files/850wjuuwvsmv1-UA/image;s=640x480";https://www.olx.ua/d/uk/obyavlenie/ford-escape-2012-na-hodu-s-dokumkntami-IDZxJ6p.html;2025-12-17T12:18:17.519669+00:00
804334752;Ківш  планувальний;4300;USD;181590;None;{'city': {'id': 268, 'name': 'Київ', 'normalized_name': 'kiev'}, 'district': {'id': 3, 'name': 'Дарницький'}, 'region': {'id': 25, 'name': 'Київська область', 'normalized_name': 'ko'}};"https://ireland.apollo.olxcdn.com:443/v1/files/26k1i7fr8miu2-UA/image;s=640x480";https://www.olx.ua/d/uk/obyavlenie/kvsh-planuvalniy-IDSqUda.html;2025-12-17T12:18:17.513423+00:00
905948263;Продам машину шикарну;3300;USD;139360;None;{'city': {'id': 356, 'name': 'Сарни', 'normalized_name': 'sarny'}, 'region': {'id': 14, 'name': 'Рівненська область', 'normalized_name': 'rov'}};"https://ireland.apollo.olxcdn.com:443/v1/files/jth8lzf0fcqu-UA/image;s=640x480";https://www.olx.ua/d/uk/obyavlenie/prodam-mashinu-shikarnu-IDZjgvL.html;2025-12-17T12:18:17.506879+00:00
893699431;Скутер Yamaha Jog SA36J Артмото Кременчук;780;USD;32939;None;{'city': {'id': 221, 'name': 'Кременчук', 'normalized_name': 'kremenchug'}, 'region': {'id': 15, 'name': 'Полтавська область', 'normalized_name': 'pol'}};"https://ireland.apollo.olxcdn.com:443/v1/files/zbc26axe40j9-UA/image;s=640x480";https://www.olx.ua/d/uk/obyavlenie/skuter-yamaha-jog-sa36j-artmoto-kremenchuk-IDYtS2X.html;2025-12-17T12:18:17.499209+00:00
909205927;Volkswagen Passat СС r line;10300;USD;434973;None;{'city': {'id': 145, 'name': 'Черкаси', 'normalized_name': 'cherkassy'}, 'region': {'id': 12, 'name': 'Черкаська область', 'normalized_name': 'chk'}};"https://ireland.apollo.olxcdn.com:443/v1/files/byqapxnoow63-UA/image;s=640x480";https://www.olx.ua/d/uk/obyavlenie/volkswagen-passat-ss-r-line-IDZvWZJ.html;2025-12-17T12:18:17.493248+00:00
909017382;Toyota Prius,Чудовий стан,авто у Львові;3350;EUR;165817;None;{'city': {'id': 176, 'name': 'Львів', 'normalized_name': 'lvov'}, 'district': {'id': 129, 'name': 'Залізничний'}, 'region': {'id': 5, 'name': 'Львівська область', 'normalized_name': 'lv'}};"https://ireland.apollo.olxcdn.com:443/v1/files/3krus9mp1qmz2-UA/image;s=640x480";https://www.olx.ua/d/uk/obyavlenie/toyota-prius-chudoviy-stan-avto-u-lvov-IDZv8VG.html;2025-12-17T12:18:17.487889+00:00
907298582;Мотоцикл Kovi Lite 300 Безкоштовна доставка, Розстрочка, Гарантія;2749;USD;116091;None;{'city': {'id': 292, 'name': 'Бар', 'normalized_name': 'bar'}, 'region': {'id': 24, 'name': 'Вінницька область', 'normalized_name': 'vin'}};"https://ireland.apollo.olxcdn.com:443/v1/files/nu1f9xjk6zzh1-UA/image;s=640x480";https://www.olx.ua/d/uk/obyavlenie/mototsikl-kovi-lite-300-bezkoshtovna-dostavka-rozstrochka-garantya-IDZoWO6.html;2025-12-17T12:18:17.482541+00:00
908878191;Новий мотоцикл Kovi JNR 250 2025р.|24.5к.с.|6-ти КПП||Nibbi PWK32|SZC;1970;USD;83193;None;{'city': {'id': 284, 'name': 'Полтава', 'normalized_name': 'poltava'}, 'region': {'id': 15, 'name': 'Полтавська область', 'normalized_name': 'pol'}};"https://ireland.apollo.olxcdn.com:443/v1/files/c5mdc8hiv9ee2-UA/image;s=640x480";https://www.olx.ua/d/uk/obyavlenie/noviy-mototsikl-kovi-jnr-250-2025r-24-5k-s-6-ti-kpp-nibbi-pwk32-szc-IDZwyJF.html;2025-12-17T12:18:17.477097+00:00
907504215;Ford Mondeo, 2011;6200;USD;261828;None;{'city': {'id': 268, 'name': 'Київ', 'normalized_name': 'kiev'}, 'district': {'id': 19, 'name': 'Шевченківський'}, 'region': {'id': 25, 'name': 'Київська область', 'normalized_name': 'ko'}};"https://ireland.apollo.olxcdn.com:443/v1/files/4anuziy2r6iz-UA/image;s=640x480";https://www.olx.ua/d/uk/obyavlenie/ford-mondeo-2011-IDZpNiL.html;2025-12-17T12:18:17.471776+00:00
909131132;Продам авто в хорошом состоянии;3350;USD;141471;None;{'city': {'id': 316, 'name': 'Самар', 'normalized_name': 'novomoskovsk'}, 'region': {'id': 21, 'name': 'Дніпропетровська область', 'normalized_name': 'dnp'}};"https://ireland.apollo.olxcdn.com:443/v1/files/t13j1a2svnof-UA/image;s=640x480";https://www.olx.ua/d/uk/obyavlenie/prodam-avto-v-horoshom-sostoyanii-IDZvCxm.html;2025-12-17T12:18:17.466235+00:00
907882400;Продам Шкода Октавия  Тур 1,8  турбо  4 х 4 . Газ , бензин .;5350;USD;225932;None;{'city': {'id': 280, 'name': 'Харків', 'normalized_name': 'kharkov'}, 'district': {'id': 69, 'name': 'Київський'}, 'region': {'id': 8, 'name': 'Харківська область', 'normalized_name': 'kha'}};"https://ireland.apollo.olxcdn.com:443/v1/files/k5akhnkhpf1l-UA/image;s=640x480";https://www.olx.ua/d/uk/obyavlenie/prodam-shkoda-oktaviya-tur-1-8-turbo-4-h-4-gaz-benzin-IDZrnGv.html;2025-12-17T12:18:17.460291+00:00
909018463;Opel Vivaro Віваро 2.0tdi 2012 рік. нерозмитка;4900;USD;206928;None;{'city': {'id': 268, 'name': 'Київ', 'normalized_name': 'kiev'}, 'district': {'id': 3, 'name': 'Дарницький'}, 'region': {'id': 25, 'name': 'Київська область', 'normalized_name': 'ko'}};"https://ireland.apollo.olxcdn.com:443/v1/files/pu4bdubfh9mg3-UA/image;s=640x480";https://www.olx.ua/d/uk/obyavlenie/opel-vivaro-vvaro-2-0tdi-2012-rk-nerozmitka-IDZv9e7.html;2025-12-17T12:18:17.454331+00:00
909281746;Додж рам ван 2.5 дизель 1999 року;2850;USD;120356;None;{'city': {'id': 280, 'name': 'Харків', 'normalized_name': 'kharkov'}, 'district': {'id': 81, 'name': 'Немишлянський'}, 'region': {'id': 8, 'name': 'Харківська область', 'normalized_name': 'kha'}};"https://ireland.apollo.olxcdn.com:443/v1/files/jpofh5hlvf1h-UA/image;s=640x480";https://www.olx.ua/d/uk/obyavlenie/dodzh-ram-van-2-5-dizel-1999-roku-IDZxfIC.html;2025-12-17T12:18:17.448424+00:00
909256362;Продам ваз 2107 инжектор;28000;UAH;28000;None;{'city': {'id': 280, 'name': 'Харків', 'normalized_name': 'kharkov'}, 'district': {'id': 79, 'name': 'Індустріальний'}, 'region': {'id': 8, 'name': 'Харківська область', 'normalized_name': 'kha'}};"https://ireland.apollo.olxcdn.com:443/v1/files/oowvg73zgbi6-UA/image;s=640x480";https://www.olx.ua/d/uk/obyavlenie/prodam-vaz-2107-inzhektor-IDZx97c.html;2025-12-17T12:18:17.440170+00:00
773608290;Шнек, погрузчик для зерносушилки Ф159 2м и 4м б\дв, транспортер;15800;UAH;15800;None;{'city': {'id': 346, 'name': 'Стрий', 'normalized_name': 'stryy'}, 'region': {'id': 5, 'name': 'Львівська область', 'normalized_name': 'lv'}};"https://ireland.apollo.olxcdn.com:443/v1/files/dfgkdwkr3yg4-UA/image;s=640x480";https://www.olx.ua/d/uk/obyavlenie/shnek-pogruzchik-dlya-zernosushilki-f159-2m-i-4m-b-dv-transporter-IDQlYR4.html;2025-12-17T12:18:17.433610+00:00
883647390;Продам ЄкскаваторEW140;31500;USD;1330257;None;{'city': {'id': 72, 'name': 'Луцьк', 'normalized_name': 'lutsk'}, 'region': {'id': 22, 'name': 'Волинська область', 'normalized_name': 'vol'}};"https://ireland.apollo.olxcdn.com:443/v1/files/5k908kxowzw91-UA/image;s=640x480";https://www.olx.ua/d/uk/obyavlenie/prodam-kskavatorew140-IDXNH3g.html;2025-12-17T12:18:17.426088+00:00
902578251;Погрузчик Balkankar 2.5л Дизель;3500;USD;147806;None;{'city': {'id': 42857, 'name': 'Нова Іванівка', 'normalized_name': 'novaya-ivanovka'}, 'region': {'id': 9, 'name': 'Одеська область', 'normalized_name': 'od'}};"https://ireland.apollo.olxcdn.com:443/v1/files/jz7mrrs566a73-UA/image;s=640x480";https://www.olx.ua/d/uk/obyavlenie/pogruzchik-balkankar-2-5l-dizel-IDZ57PJ.html;2025-12-17T12:18:17.419890+00:00
908931932;Продаж HYUNDAI H1 4X4;4700;USD;198482;None;{'city': {'id': 7147, 'name': 'Михайлівці', 'normalized_name': 'mihaylovtsy'}, 'region': {'id': 24, 'name': 'Вінницька область', 'normalized_name': 'vin'}};"https://ireland.apollo.olxcdn.com:443/v1/files/gbgypzkx05j51-UA/image;s=640x480";https://www.olx.ua/d/uk/obyavlenie/prodazh-hyundai-h1-4x4-IDZwMIs.html;2025-12-17T12:18:17.413677+00:00
907319513;Причеп URSA в наявності;1000;USD;42230;None;{'city': {'id': 68, 'name': 'Умань', 'normalized_name': 'uman'}, 'region': {'id': 12, 'name': 'Черкаська область', 'normalized_name': 'chk'}};"https://ireland.apollo.olxcdn.com:443/v1/files/d1bms502uq742-UA/image;s=640x480";https://www.olx.ua/d/uk/obyavlenie/prichep-ursa-v-nayavnost-IDZp1fH.html;2025-12-17T12:18:17.407066+00:00
908926706;Vokswagen Passat;3200;USD;135137;None;{'city': {'id': 194, 'name': 'Запоріжжя', 'normalized_name': 'zaporozhe'}, 'district': {'id': 39, 'name': 'Олександрiвський'}, 'region': {'id': 17, 'name': 'Запорізька область', 'normalized_name': 'zap'}};"https://ireland.apollo.olxcdn.com:443/v1/files/0yo0j4yujhrv1-UA/image;s=640x480";https://www.olx.ua/d/uk/obyavlenie/vokswagen-passat-IDZwLma.html;2025-12-17T12:18:17.400420+00:00
909199304;Ситроен С4 2012 год. 1.5 дизель;3850;USD;162587;None;{'city': {'id': 25851, 'name': 'Ростуче', 'normalized_name': 'rastuschee_25851'}, 'region': {'id': 17, 'name': 'Запорізька область', 'normalized_name': 'zap'}};"https://ireland.apollo.olxcdn.com:443/v1/files/mish2aazmex6-UA/image;s=640x480";https://www.olx.ua/d/uk/obyavlenie/sitroen-s4-2012-god-1-5-dizel-IDZvUgU.html;2025-12-17T12:18:17.394480+00:00
908096516;Хонда СВ400X Honda CB 400X 2017 рік ABS;4900;USD;206928;None;{'city': {'id': 201, 'name': 'Сновськ', 'normalized_name': 'schors'}, 'region': {'id': 23, 'name': 'Чернігівська область', 'normalized_name': 'chn'}};"https://ireland.apollo.olxcdn.com:443/v1/files/48z0ztsszwgu3-UA/image;s=640x480";https://www.olx.ua/d/uk/obyavlenie/honda-sv400x-honda-cb-400x-2017-rk-abs-IDZsho0.html;2025-12-17T12:18:17.386500+00:00
908351172;Продам Nissan Patrol GR 3.0 D;10200;USD;430750;None;{'city': {'id': 118, 'name': 'Павлоград', 'normalized_name': 'pavlograd'}, 'region': {'id': 21, 'name': 'Дніпропетровська область', 'normalized_name': 'dnp'}};"https://ireland.apollo.olxcdn.com:443/v1/files/r6fc4bu6ouvc3-UA/image;s=640x480";https://www.olx.ua/d/uk/obyavlenie/prodam-nissan-patrol-gr-3-0-d-IDZtlDm.html;2025-12-17T12:18:17.380401+00:00
907620742;Volkswagen Transporter T4 Multivan 2.5TDI;9700;USD;409634;None;{'city': {'id': 280, 'name': 'Харків', 'normalized_name': 'kharkov'}, 'district': {'id': 73, 'name': 'Холодногірський'}, 'region': {'id': 8, 'name': 'Харківська область', 'normalized_name': 'kha'}};"https://ireland.apollo.olxcdn.com:443/v1/files/4dbyjq4vb6kt3-UA/image;s=640x480";https://www.olx.ua/d/uk/obyavlenie/volkswagen-transporter-t4-multivan-2-5tdi-IDZqhCe.html;2025-12-17T12:18:17.374597+00:00
909194840;Продам Mersedes GL 320 2007 року випуску;10000;USD;422304;None;{'city': {'id': 268, 'name': 'Київ', 'normalized_name': 'kiev'}, 'district': {'id': 1, 'name': 'Голосіївський'}, 'region': {'id': 25, 'name': 'Київська область', 'normalized_name': 'ko'}};"https://ireland.apollo.olxcdn.com:443/v1/files/mzb6juzkzhz53-UA/image;s=640x480";https://www.olx.ua/d/uk/obyavlenie/prodam-mersedes-gl-320-2007-roku-vipusku-IDZvT6U.html;2025-12-17T12:18:17.367790+00:00
906070040;В дорозі BMW 4 GRAN COUPE F36 435ix 2014;12800;USD;540549;None;{'city': {'id': 176, 'name': 'Львів', 'normalized_name': 'lvov'}, 'district': {'id': 129, 'name': 'Залізничний'}, 'region': {'id': 5, 'name': 'Львівська область', 'normalized_name': 'lv'}};"https://ireland.apollo.olxcdn.com:443/v1/files/m1yszncrahi93-UA/image;s=640x480";https://www.olx.ua/d/uk/obyavlenie/v-doroz-bmw-4-gran-coupe-f36-435ix-2014-IDZjMcU.html;2025-12-17T12:18:17.362124+00:00
908927315;Hyundai Tucson Sport      2016;3000;USD;126691;None;{'city': {'id': 313, 'name': 'Вінниця', 'normalized_name': 'vinnitsa'}, 'region': {'id': 24, 'name': 'Вінницька область', 'normalized_name': 'vin'}};"https://ireland.apollo.olxcdn.com:443/v1/files/iekwn1j7bo0i1-UA/image;s=640x480";https://www.olx.ua/d/uk/obyavlenie/hyundai-tucson-sport-2016-IDZwLwZ.html;2025-12-17T12:18:17.356193+00:00
906457314;Toyota Land Cruiser Prado 2018;30500;USD;1288027;None;{'city': {'id': 280, 'name': 'Харків', 'normalized_name': 'kharkov'}, 'district': {'id': 71, 'name': 'Слобідський'}, 'region': {'id': 8, 'name': 'Харківська область', 'normalized_name': 'kha'}};"https://ireland.apollo.olxcdn.com:443/v1/files/zf2g266gdgob3-UA/image;s=640x480";https://www.olx.ua/d/uk/obyavlenie/toyota-land-cruiser-prado-2018-IDZloXg.html;2025-12-17T12:18:17.350070+00:00
908443408;Плуг Variant (3 корпусний);3200;USD;135137;None;{'city': {'id': 64, 'name': 'Ковель', 'normalized_name': 'kovel'}, 'region': {'id': 22, 'name': 'Волинська область', 'normalized_name': 'vol'}};"https://ireland.apollo.olxcdn.com:443/v1/files/fztpks4vtz451-UA/image;s=640x480";https://www.olx.ua/d/uk/obyavlenie/plug-variant-3-korpusniy-IDZtJD2.html;2025-12-17T12:18:17.343898+00:00
636568703;в Миргороді плуг bomet високая стойка плуг 3-30 висока стіка;35000;UAH;35000;None;{'city': {'id': 95, 'name': 'Миргород', 'normalized_name': 'mirgorod'}, 'region': {'id': 15, 'name': 'Полтавська область', 'normalized_name': 'pol'}};"https://ireland.apollo.olxcdn.com:443/v1/files/zx212rz0zbps2-UA/image;s=640x480";https://www.olx.ua/d/uk/obyavlenie/v-mirgorod-plug-bomet-visokaya-stoyka-plug-3-30-visoka-stka-IDH4YB9.html;2025-12-17T12:18:17.335672+00:00
909200148;Chevrolet Cruze 2015р;6900;USD;291389;None;{'city': {'id': 340, 'name': 'Кривий Ріг', 'normalized_name': 'krivoyrog'}, 'district': {'id': 101, 'name': 'Саксаганський'}, 'region': {'id': 21, 'name': 'Дніпропетровська область', 'normalized_name': 'dnp'}};"https://ireland.apollo.olxcdn.com:443/v1/files/l0f0rx9m3cfg3-UA/image;s=640x480";https://www.olx.ua/d/uk/obyavlenie/chevrolet-cruze-2015r-IDZvUuv.html;2025-12-17T12:18:17.329347+00:00
908285568;Електроскутер GT-7 2500Вт, гарантія, електромопед;42900;UAH;42900;None;{'city': {'id': 62, 'name': 'Одеса', 'normalized_name': 'odessa'}, 'district': {'id': 91, 'name': 'Пересипський'}, 'region': {'id': 9, 'name': 'Одеська область', 'normalized_name': 'od'}};"https://ireland.apollo.olxcdn.com:443/v1/files/aepvydknnmdk-UA/image;s=640x480";https://www.olx.ua/d/uk/obyavlenie/elektroskuter-gt-7-2500vt-garantya-elektromoped-IDZt4ze.html;2025-12-17T12:18:17.323501+00:00
907609021;Toyota Auris Автомат;6200;USD;261828;None;{'city': {'id': 106, 'name': 'Миколаїв', 'normalized_name': 'nikolaev_106'}, 'district': {'id': 145, 'name': 'Центральний'}, 'region': {'id': 19, 'name': 'Миколаївська область', 'normalized_name': 'nik'}};"https://ireland.apollo.olxcdn.com:443/v1/files/349qxssl78s52-UA/image;s=640x480";https://www.olx.ua/d/uk/obyavlenie/toyota-auris-avtomat-IDZqezb.html;2025-12-17T12:18:17.316919+00:00
907049602;Навантажувач, погрузчик, навісне до трактора;21200;UAH;21200;None;{'city': {'id': 72497, 'name': 'Талалаївка', 'normalized_name': 'talalaevka_72497'}, 'region': {'id': 23, 'name': 'Чернігівська область', 'normalized_name': 'chn'}};"https://ireland.apollo.olxcdn.com:443/v1/files/5tfvnurtirxn-UA/image;s=640x480";https://www.olx.ua/d/uk/obyavlenie/navantazhuvach-pogruzchik-navsne-do-traktora-IDZnT2i.html;2025-12-17T12:18:17.311101+00:00
908572174;Volkswagen golf 4 на ходу;1350;USD;57011;None;{'city': {'id': 316, 'name': 'Самар', 'normalized_name': 'novomoskovsk'}, 'region': {'id': 21, 'name': 'Дніпропетровська область', 'normalized_name': 'dnp'}};"https://ireland.apollo.olxcdn.com:443/v1/files/2i9j2781amzy1-UA/image;s=640x480";https://www.olx.ua/d/uk/obyavlenie/volkswagen-golf-4-na-hodu-IDZuh7U.html;2025-12-17T12:18:17.305346+00:00
908487469;BMW X1 e84 2010 xDrive;12000;USD;506764;None;{'city': {'id': 124, 'name': 'Рівне', 'normalized_name': 'rovno'}, 'region': {'id': 14, 'name': 'Рівненська область', 'normalized_name': 'rov'}};"https://ireland.apollo.olxcdn.com:443/v1/files/w9jbrnys0tal-UA/image;s=640x480";https://www.olx.ua/d/uk/obyavlenie/bmw-x1-e84-2010-xdrive-IDZtW5H.html;2025-12-17T12:18:17.299752+00:00
898365562;Продам Обмін 2999 $ без торгу;125958;UAH;125958;None;{'city': {'id': 242, 'name': 'Новий Розділ', 'normalized_name': 'novyy-rozdol'}, 'region': {'id': 5, 'name': 'Львівська область', 'normalized_name': 'lv'}};"https://ireland.apollo.olxcdn.com:443/v1/files/n10jzewztn2e2-UA/image;s=640x480";https://www.olx.ua/d/uk/obyavlenie/prodam-obmn-2999-bez-torgu-IDYNrW8.html;2025-12-17T12:18:17.293877+00:00
908493696;Продам Opel Vectra C 2007 г 2.2 автомат газ/бензин в хорошем состоянии;5100;USD;215375;None;{'city': {'id': 121, 'name': 'Дніпро', 'normalized_name': 'dnepr'}, 'district': {'id': 119, 'name': 'Центральний'}, 'region': {'id': 21, 'name': 'Дніпропетровська область', 'normalized_name': 'dnp'}};"https://ireland.apollo.olxcdn.com:443/v1/files/2vmqoptf75q2-UA/image;s=640x480";https://www.olx.ua/d/uk/obyavlenie/prodam-opel-vectra-c-2007-g-2-2-avtomat-gaz-benzin-v-horoshem-sostoyanii-IDZtVI8.html;2025-12-17T12:18:17.288097+00:00
908487334;Продаж Кіа Сід 1,4 бензин;1350;USD;57011;None;{'city': {'id': 189, 'name': 'Чортків', 'normalized_name': 'chertkov'}, 'region': {'id': 11, 'name': 'Тернопільська область', 'normalized_name': 'ter'}};"https://ireland.apollo.olxcdn.com:443/v1/files/oojimd9vcl77-UA/image;s=640x480";https://www.olx.ua/d/uk/obyavlenie/prodazh-ka-sd-1-4-benzin-IDZtW3v.html;2025-12-17T12:18:17.282976+00:00
775359665;Мобильная зерносушилка MECMAR 12т;26900;USD;1135997;None;{'city': {'id': 32645, 'name': 'Сквира', 'normalized_name': 'skvira_32645'}, 'region': {'id': 25, 'name': 'Київська область', 'normalized_name': 'ko'}};"https://ireland.apollo.olxcdn.com:443/v1/files/2ikl7u2x37uf1-UA/image;s=640x480";https://www.olx.ua/d/uk/obyavlenie/mobilnaya-zernosushilka-mecmar-12t-IDQtkt3.html;2025-12-17T12:18:17.275853+00:00
899418889;ОВС-25 Зерноочисна машина;200000;UAH;200000;None;{'city': {'id': 42007, 'name': 'Новий Буг', 'normalized_name': 'novyy-bug'}, 'region': {'id': 19, 'name': 'Миколаївська область', 'normalized_name': 'nik'}};"https://ireland.apollo.olxcdn.com:443/v1/files/cre5o2lj9i5a1-UA/image;s=640x480";https://www.olx.ua/d/uk/obyavlenie/ovs-25-zernoochisna-mashina-IDYRRVh.html;2025-12-17T12:18:17.269774+00:00
908716848;Розпушувач кейс еколотайгер Case IH Ecolo Tiger 530;37000;USD;1562524;None;{'city': {'id': 316, 'name': 'Самар', 'normalized_name': 'novomoskovsk'}, 'region': {'id': 21, 'name': 'Дніпропетровська область', 'normalized_name': 'dnp'}};"https://ireland.apollo.olxcdn.com:443/v1/files/kqqxsy4bz1dy1-UA/image;s=640x480";https://www.olx.ua/d/uk/obyavlenie/rozpushuvach-keys-ekolotayger-case-ih-ecolo-tiger-530-IDZuSLm.html;2025-12-17T12:18:17.264003+00:00
909408539;Продам ваз 2114 2011рік;2200;USD;92906;None;{'city': {'id': 121, 'name': 'Дніпро', 'normalized_name': 'dnepr'}, 'district': {'id': 119, 'name': 'Центральний'}, 'region': {'id': 21, 'name': 'Дніпропетровська область', 'normalized_name': 'dnp'}};"https://ireland.apollo.olxcdn.com:443/v1/files/utzzmxud2w7f1-UA/image;s=640x480";https://www.olx.ua/d/uk/obyavlenie/prodam-vaz-2114-2011rk-IDZxMHF.html;2025-12-17T12:18:17.257683+00:00
909034518;Продам Jeep Rubicon;58500;USD;2470478;None;{'city': {'id': 62, 'name': 'Одеса', 'normalized_name': 'odessa'}, 'district': {'id': 89, 'name': 'Приморський'}, 'region': {'id': 9, 'name': 'Одеська область', 'normalized_name': 'od'}};"https://ireland.apollo.olxcdn.com:443/v1/files/usbmto9yqd742-UA/image;s=640x480";https://www.olx.ua/d/uk/obyavlenie/prodam-jeep-rubicon-IDZvdp4.html;2025-12-17T12:18:17.252130+00:00
882929988;Автомобіль Volkswagen Golf;12000;USD;506764;None;{'city': {'id': 221, 'name': 'Кременчук', 'normalized_name': 'kremenchug'}, 'region': {'id': 15, 'name': 'Полтавська область', 'normalized_name': 'pol'}};"https://ireland.apollo.olxcdn.com:443/v1/files/ykpe6h8ggkry2-UA/image;s=640x480";https://www.olx.ua/d/uk/obyavlenie/avtomobl-volkswagen-golf-IDXKGqg.html;2025-12-17T12:18:17.244806+00:00
907905093;Tesla model s 2018 р;18000;USD;760147;None;{'city': {'id': 255, 'name': 'Шепетівка', 'normalized_name': 'shepetovka'}, 'region': {'id': 20, 'name': 'Хмельницька область', 'normalized_name': 'khm'}};"https://ireland.apollo.olxcdn.com:443/v1/files/78loof07tmew1-UA/image;s=640x480";https://www.olx.ua/d/uk/obyavlenie/tesla-model-s-2018-r-IDZrtAx.html;2025-12-17T12:18:17.238579+00:00
907044413;Мотоблок,мотокультиватор;980;USD;41385;None;{'city': {'id': 362, 'name': 'Тернопіль', 'normalized_name': 'ternopol'}, 'region': {'id': 11, 'name': 'Тернопільська область', 'normalized_name': 'ter'}};"https://ireland.apollo.olxcdn.com:443/v1/files/q9xh0p1j7uzh1-UA/image;s=640x480";https://www.olx.ua/d/uk/obyavlenie/motoblok-motokultivator-IDZnRGB.html;2025-12-17T12:18:17.231966+00:00
909022272;Продам Мерседес w211;6100;USD;257605;None;{'city': {'id': 121, 'name': 'Дніпро', 'normalized_name': 'dnepr'}, 'district': {'id': 123, 'name': 'Новокодацький'}, 'region': {'id': 21, 'name': 'Дніпропетровська область', 'normalized_name': 'dnp'}};"https://ireland.apollo.olxcdn.com:443/v1/files/3qwkvje8ysbt1-UA/image;s=640x480";https://www.olx.ua/d/uk/obyavlenie/prodam-mersedes-w211-IDZvady.html;2025-12-17T12:18:17.225484+00:00
899426471;Продаж автомобіля VOLKSWAGEN GOLF 2017 р.в.;9000;USD;380073;None;{'city': {'id': 221, 'name': 'Кременчук', 'normalized_name': 'kremenchug'}, 'region': {'id': 15, 'name': 'Полтавська область', 'normalized_name': 'pol'}};"https://ireland.apollo.olxcdn.com:443/v1/files/6g8nbu82y0k41-UA/image;s=640x480";https://www.olx.ua/d/uk/obyavlenie/prodazh-avtomoblya-volkswagen-golf-2017-r-v-IDYRTUz.html;2025-12-17T12:18:17.219775+00:00
909146159;Продам Honda Accord;5000;USD;211152;None;{'city': {'id': 62, 'name': 'Одеса', 'normalized_name': 'odessa'}, 'district': {'id': 85, 'name': 'Київський'}, 'region': {'id': 9, 'name': 'Одеська область', 'normalized_name': 'od'}};"https://ireland.apollo.olxcdn.com:443/v1/files/uit39r4v9iqp3-UA/image;s=640x480";https://www.olx.ua/d/uk/obyavlenie/prodam-honda-accord-IDZvGrJ.html;2025-12-17T12:18:17.213613+00:00
907609965;Skoda Octavia A5 1.6 MPI Газ;5200;USD;219598;None;{'city': {'id': 106, 'name': 'Миколаїв', 'normalized_name': 'nikolaev_106'}, 'district': {'id': 145, 'name': 'Центральний'}, 'region': {'id': 19, 'name': 'Миколаївська область', 'normalized_name': 'nik'}};"https://ireland.apollo.olxcdn.com:443/v1/files/lxt48oto5w0d1-UA/image;s=640x480";https://www.olx.ua/d/uk/obyavlenie/skoda-octavia-a5-1-6-mpi-gaz-IDZqeOp.html;2025-12-17T12:18:17.206858+00:00
833048874;Сівалка суцільного висіву ПАРТНЕР 8м;300000;UAH;300000;None;{'city': {'id': 15213, 'name': 'Жемчужне', 'normalized_name': 'zhemchuzhnoe'}, 'region': {'id': 21, 'name': 'Дніпропетровська область', 'normalized_name': 'dnp'}};"https://ireland.apollo.olxcdn.com:443/v1/files/oirolwxwoz9y1-UA/image;s=640x480";https://www.olx.ua/d/uk/obyavlenie/svalka-sutslnogo-visvu-partner-8m-IDUno4a.html;2025-12-17T12:18:17.200273+00:00
909035083;Audi A4/B8 quattro 2.0 бензин механіка 2013рік;12950;USD;546883;None;{'city': {'id': 57451, 'name': 'Підгороднє', 'normalized_name': 'podgorodnoe_57451'}, 'region': {'id': 11, 'name': 'Тернопільська область', 'normalized_name': 'ter'}};"https://ireland.apollo.olxcdn.com:443/v1/files/nu6bd5sr6qvq-UA/image;s=640x480";https://www.olx.ua/d/uk/obyavlenie/audi-a4-b8-quattro-2-0-benzin-mehanka-2013rk-IDZvdyb.html;2025-12-17T12:18:17.194722+00:00
907150133;Трактор мінітрактор Yanmar AF35J швидкістний Hi-SPEED;15200;USD;641902;None;"{'city': {'id': 107, 'name': ""Кам'янець-Подільський"", 'normalized_name': 'kamenets-podolskiy'}, 'region': {'id': 20, 'name': 'Хмельницька область', 'normalized_name': 'khm'}}";"https://ireland.apollo.olxcdn.com:443/v1/files/lkep9x2epzdr3-UA/image;s=640x480";https://www.olx.ua/d/uk/obyavlenie/traktor-mntraktor-yanmar-af35j-shvidkstniy-hi-speed-IDZojbL.html;2025-12-17T12:18:16.044074+00:00
869352504;2014 Volkswagen New Tiguan 2.0 TDI Premium під УБД;4500;USD;190036;None;{'city': {'id': 62, 'name': 'Одеса', 'normalized_name': 'odessa'}, 'district': {'id': 85, 'name': 'Київський'}, 'region': {'id': 9, 'name': 'Одеська область', 'normalized_name': 'od'}};"https://ireland.apollo.olxcdn.com:443/v1/files/vu4plqzv141a3-UA/image;s=640x480";https://www.olx.ua/d/uk/obyavlenie/2014-volkswagen-new-tiguan-2-0-tdi-premium-pd-ubd-IDVPIiA.html;2025-12-17T12:18:16.035224+00:00
909252128;Renault Master з Німеччини у 2024 році;16300;USD;688355;None;{'city': {'id': 22, 'name': 'Вознесенськ', 'normalized_name': 'voznesensk'}, 'region': {'id': 19, 'name': 'Миколаївська область', 'normalized_name': 'nik'}};"https://ireland.apollo.olxcdn.com:443/v1/files/pkzo0x6vbadw1-UA/image;s=640x480";https://www.olx.ua/d/uk/obyavlenie/renault-master-z-nmechchini-u-2024-rots-IDZx80U.html;2025-12-17T12:18:16.029498+00:00
909531072;Volkswagen Golf 4 Avtomat;3350;USD;141471;None;{'city': {'id': 169, 'name': 'Нетішин', 'normalized_name': 'neteshin'}, 'region': {'id': 20, 'name': 'Хмельницька область', 'normalized_name': 'khm'}};"https://ireland.apollo.olxcdn.com:443/v1/files/rlt4extsxvrb1-UA/image;s=640x480";https://www.olx.ua/d/uk/obyavlenie/volkswagen-golf-4-avtomat-IDZyiA0.html;2025-12-17T12:18:16.018851+00:00
857206149;Renault Scenic III 2015;9500;USD;401188;None;{'city': {'id': 31893, 'name': 'Вишневе', 'normalized_name': 'vishnevoe'}, 'region': {'id': 25, 'name': 'Київська область', 'normalized_name': 'ko'}};"https://ireland.apollo.olxcdn.com:443/v1/files/8crw0ehf951g2-UA/image;s=640x480";https://www.olx.ua/d/uk/obyavlenie/renault-scenic-iii-2015-IDV0KtD.html;2025-12-17T12:18:16.008021+00:00
909497114;Mersedes-Benz w210;4300;USD;181590;None;{'city': {'id': 362, 'name': 'Тернопіль', 'normalized_name': 'ternopol'}, 'region': {'id': 11, 'name': 'Тернопільська область', 'normalized_name': 'ter'}};"https://ireland.apollo.olxcdn.com:443/v1/files/u2aach0uvvzq3-UA/image;s=640x480";https://www.olx.ua/d/uk/obyavlenie/mersedes-benz-w210-IDZy9Ki.html;2025-12-17T12:18:15.997087+00:00
711717864;Дискова борона бомет2.4, лущильник, АГД, БДН, дископлуг, діскі, борона;43000;UAH;43000;None;{'city': {'id': 17, 'name': 'Гайсин', 'normalized_name': 'gaysin'}, 'region': {'id': 24, 'name': 'Вінницька область', 'normalized_name': 'vin'}};"https://ireland.apollo.olxcdn.com:443/v1/files/s6nysyt8abtd3-UA/image;s=640x480";https://www.olx.ua/d/uk/obyavlenie/diskova-borona-bomet2-4-luschilnik-agd-bdn-diskoplug-dsk-borona-IDMaiko.html;2025-12-17T12:18:15.986173+00:00
908255070;Harley-Davidson Roadglide 2021;23500;USD;992414;None;{'city': {'id': 121, 'name': 'Дніпро', 'normalized_name': 'dnepr'}, 'district': {'id': 115, 'name': 'Соборний'}, 'region': {'id': 21, 'name': 'Дніпропетровська область', 'normalized_name': 'dnp'}};"https://ireland.apollo.olxcdn.com:443/v1/files/ju4zefzua3g93-UA/image;s=640x480";https://www.olx.ua/d/uk/obyavlenie/harley-davidson-roadglide-2021-IDZsVDk.html;2025-12-17T12:18:15.979394+00:00
909203990;Peugeot 206+ 2011 року в гарному стані;;;;None;{'city': {'id': 60, 'name': 'Біла Церква', 'normalized_name': 'belayatserkov'}, 'region': {'id': 25, 'name': 'Київська область', 'normalized_name': 'ko'}};"https://ireland.apollo.olxcdn.com:443/v1/files/auxss0jmaofx1-UA/image;s=640x480";https://www.olx.ua/d/uk/obyavlenie/peugeot-206-2011-roku-v-garnomu-stan-IDZvWuu.html;2025-12-17T12:16:51.846868+00:00
907909595;BMW 535xi 300 к.с.;;;;None;{'city': {'id': 304, 'name': 'Краматорськ', 'normalized_name': 'kramatorsk'}, 'region': {'id': 4, 'name': 'Донецька область', 'normalized_name': 'don'}};"https://ireland.apollo.olxcdn.com:443/v1/files/ly5lrmly1dtx-UA/image;s=640x480";https://www.olx.ua/d/uk/obyavlenie/bmw-535xi-300-k-s-IDZruL9.html;2025-12-17T12:16:51.840903+00:00
908493751;AUDI 80 газ/бензин в хорошому стані;;;;None;{'city': {'id': 69, 'name': 'Кропивницький', 'normalized_name': 'kropivnitskiy'}, 'district': {'id': 109, 'name': 'Подільський'}, 'region': {'id': 7, 'name': 'Кіровоградська область', 'normalized_name': 'kir'}};"https://ireland.apollo.olxcdn.com:443/v1/files/mfvt9gu6jspe2-UA/image;s=640x480";https://www.olx.ua/d/uk/obyavlenie/audi-80-gaz-benzin-v-horoshomu-stan-IDZtVJ1.html;2025-12-17T12:16:51.835193+00:00
908925254;BMW 3 Series 328i      2015;;;;None;{'city': {'id': 268, 'name': 'Київ', 'normalized_name': 'kiev'}, 'district': {'id': 11, 'name': 'Печерський'}, 'region': {'id': 25, 'name': 'Київська область', 'normalized_name': 'ko'}};"https://ireland.apollo.olxcdn.com:443/v1/files/kxv4bz8by8qf3-UA/image;s=640x480";https://www.olx.ua/d/uk/obyavlenie/bmw-3-series-328i-2015-IDZwKYK.html;2025-12-17T12:16:51.829651+00:00
908195228;Мінітрактор SOLIS 26 XTRA;;;;None;{'city': {'id': 145, 'name': 'Черкаси', 'normalized_name': 'cherkassy'}, 'region': {'id': 12, 'name': 'Черкаська область', 'normalized_name': 'chk'}};"https://ireland.apollo.olxcdn.com:443/v1/files/zsvpug3tv84e3-UA/image;s=640x480";https://www.olx.ua/d/uk/obyavlenie/mntraktor-solis-26-xtra-IDZsH48.html;2025-12-17T12:16:51.822831+00:00
909207214;Land rover Freelander 1. 2.0 m47 механіка 2004;;;;None;{'city': {'id': 268, 'name': 'Київ', 'normalized_name': 'kiev'}, 'district': {'id': 5, 'name': 'Деснянський'}, 'region': {'id': 25, 'name': 'Київська область', 'normalized_name': 'ko'}};"https://ireland.apollo.olxcdn.com:443/v1/files/3h9s8d6djtrv2-UA/image;s=640x480";https://www.olx.ua/d/uk/obyavlenie/land-rover-freelander-1-2-0-m47-mehanka-2004-IDZvVku.html;2025-12-17T12:16:51.816534+00:00
909036772;Range Rover Evoque ренж ровер эвок!;;;;None;{'city': {'id': 121, 'name': 'Дніпро', 'normalized_name': 'dnepr'}, 'district': {'id': 117, 'name': 'Індустріальний'}, 'region': {'id': 21, 'name': 'Дніпропетровська область', 'normalized_name': 'dnp'}};"https://ireland.apollo.olxcdn.com:443/v1/files/ko0hhgfln3e81-UA/image;s=640x480";https://www.olx.ua/d/uk/obyavlenie/range-rover-evoque-renzh-rover-evok-IDZvdZq.html;2025-12-17T12:16:51.810938+00:00
909336428;Продаю автомобіль  Fiat Doblo 2004;;;;None;{'city': {'id': 72, 'name': 'Луцьк', 'normalized_name': 'lutsk'}, 'region': {'id': 22, 'name': 'Волинська область', 'normalized_name': 'vol'}};"https://ireland.apollo.olxcdn.com:443/v1/files/1n3llu4fdy031-UA/image;s=640x480";https://www.olx.ua/d/uk/obyavlenie/prodayu-avtomobl-fiat-doblo-2004-IDZxtVA.html;2025-12-17T12:16:51.805490+00:00
909204825;Продам Ваз 2110 1.5 16v газ/бенз;;;;None;{'city': {'id': 268, 'name': 'Київ', 'normalized_name': 'kiev'}, 'district': {'id': 5, 'name': 'Деснянський'}, 'region': {'id': 25, 'name': 'Київська область', 'normalized_name': 'ko'}};"https://ireland.apollo.olxcdn.com:443/v1/files/ssa2m29i164o3-UA/image;s=640x480";https://www.olx.ua/d/uk/obyavlenie/prodam-vaz-2110-1-5-16v-gaz-benz-IDZvWHX.html;2025-12-17T12:16:51.799118+00:00
909406500;Scoda octavia 1.9tdi;;;;None;{'city': {'id': 31937, 'name': 'Любимівка', 'normalized_name': 'lyubimovka_31937'}, 'region': {'id': 25, 'name': 'Київська область', 'normalized_name': 'ko'}};"https://ireland.apollo.olxcdn.com:443/v1/files/4ml39rc618r73-UA/image;s=640x480";https://www.olx.ua/d/uk/obyavlenie/scoda-octavia-1-9tdi-IDZxMaM.html;2025-12-17T12:16:51.793408+00:00
909339743;Продам таврію ЗАЗ 1102;;;;None;{'city': {'id': 31117, 'name': 'Клавдієво-Тарасове', 'normalized_name': 'klavdievo-tarasovo'}, 'region': {'id': 25, 'name': 'Київська область', 'normalized_name': 'ko'}};"https://ireland.apollo.olxcdn.com:443/v1/files/po7o9tr0zw9t-UA/image;s=640x480";https://www.olx.ua/d/uk/obyavlenie/prodam-tavryu-zaz-1102-IDZxuO3.html;2025-12-17T12:16:51.784847+00:00
900903452;Продам трактор Т150 ЯМЗ 236;;;;None;{'city': {'id': 489, 'name': 'Стрижавка', 'normalized_name': 'strizhavka'}, 'region': {'id': 24, 'name': 'Вінницька область', 'normalized_name': 'vin'}};"https://ireland.apollo.olxcdn.com:443/v1/files/mccuxqa2kgy02-UA/image;s=640x480";https://www.olx.ua/d/uk/obyavlenie/prodam-traktor-t150-yamz-236-IDYY68Q.html;2025-12-17T12:16:51.777252+00:00
906098970;Бочка  3 куба для води МЖТ 8;;;;None;{'city': {'id': 51187, 'name': 'Антопіль', 'normalized_name': 'antopol_51187'}, 'region': {'id': 14, 'name': 'Рівненська область', 'normalized_name': 'rov'}};"https://ireland.apollo.olxcdn.com:443/v1/files/qyye9grd3isb3-UA/image;s=640x480";https://www.olx.ua/d/uk/obyavlenie/bochka-3-kuba-dlya-vodi-mzht-8-IDZjTJv.html;2025-12-17T12:16:51.771867+00:00
908331497;БМВ х5 40 eDrive бензин ., 2018 року;;;;None;{'city': {'id': 253, 'name': 'Хуст', 'normalized_name': 'khust'}, 'region': {'id': 10, 'name': 'Закарпатська область', 'normalized_name': 'zak'}};"https://ireland.apollo.olxcdn.com:443/v1/files/d7ahu0qinzgh1-UA/image;s=640x480";https://www.olx.ua/d/uk/obyavlenie/bmv-h5-40-edrive-benzin-2018-roku-IDZtgv1.html;2025-12-17T12:16:51.766406+00:00
909207623;Opel zafira 2.2 TDI;;;;None;{'city': {'id': 212, 'name': 'Шахтарське', 'normalized_name': 'pershotravensk'}, 'region': {'id': 21, 'name': 'Дніпропетровська область', 'normalized_name': 'dnp'}};"https://ireland.apollo.olxcdn.com:443/v1/files/is7l0wa1928f-UA/image;s=640x480";https://www.olx.ua/d/uk/obyavlenie/opel-zafira-2-2-tdi-IDZvVr5.html;2025-12-17T12:16:51.760252+00:00
909037485;Электромотоцикл мотоцикл электро Kawasaki EARTH;;;;None;{'city': {'id': 62, 'name': 'Одеса', 'normalized_name': 'odessa'}, 'district': {'id': 89, 'name': 'Приморський'}, 'region': {'id': 9, 'name': 'Одеська область', 'normalized_name': 'od'}};"https://ireland.apollo.olxcdn.com:443/v1/files/1fxekr4a20j71-UA/image;s=640x480";https://www.olx.ua/d/uk/obyavlenie/elektromototsikl-mototsikl-elektro-kawasaki-earth-IDZveaW.html;2025-12-17T12:16:51.754696+00:00
909018008;Lanos Pickup 1,5;;;;None;{'city': {'id': 31537, 'name': 'Нові Петрівці', 'normalized_name': 'novye-petrovtsy'}, 'region': {'id': 25, 'name': 'Київська область', 'normalized_name': 'ko'}};"https://ireland.apollo.olxcdn.com:443/v1/files/yjp8i33sl1gh-UA/image;s=640x480";https://www.olx.ua/d/uk/obyavlenie/lanos-pickup-1-5-IDZv96M.html;2025-12-17T12:16:51.749260+00:00
907411775;Продаю Renault Master 2018 року рефрижератор;;;;None;{'city': {'id': 497, 'name': 'Ратне', 'normalized_name': 'ratno'}, 'region': {'id': 22, 'name': 'Волинська область', 'normalized_name': 'vol'}};"https://ireland.apollo.olxcdn.com:443/v1/files/cetz4n3xhpkv1-UA/image;s=640x480";https://www.olx.ua/d/uk/obyavlenie/prodayu-renault-master-2018-roku-refrizherator-IDZppfN.html;2025-12-17T12:16:51.743691+00:00
904892515;Мінітрактор Трактор Янмар Yanmar AF 224;;;;None;"{'city': {'id': 107, 'name': ""Кам'янець-Подільський"", 'normalized_name': 'kamenets-podolskiy'}, 'region': {'id': 20, 'name': 'Хмельницька область', 'normalized_name': 'khm'}}";"https://ireland.apollo.olxcdn.com:443/v1/files/e8yjwy42m56n2-UA/image;s=640x480";https://www.olx.ua/d/uk/obyavlenie/mntraktor-traktor-yanmar-yanmar-af-224-IDZePSz.html;2025-12-17T12:16:51.738042+00:00
908882098;Мерседес Варіо Vario 814;;;;None;{'city': {'id': 82, 'name': 'Лозова', 'normalized_name': 'lozovaya'}, 'region': {'id': 8, 'name': 'Харківська область', 'normalized_name': 'kha'}};"https://ireland.apollo.olxcdn.com:443/v1/files/dl5r97hqe1pp1-UA/image;s=640x480";https://www.olx.ua/d/uk/obyavlenie/mersedes-varo-vario-814-IDZwzKG.html;2025-12-17T12:16:51.731667+00:00
907319378;Продам Лада Пріора на газу;;;;None;{'city': {'id': 126, 'name': 'Олександрія', 'normalized_name': 'aleksandriya'}, 'region': {'id': 7, 'name': 'Кіровоградська область', 'normalized_name': 'kir'}};"https://ireland.apollo.olxcdn.com:443/v1/files/9w2zdotot6et-UA/image;s=640x480";https://www.olx.ua/d/uk/obyavlenie/prodam-lada-prora-na-gazu-IDZp1dv.html;2025-12-17T12:16:51.726441+00:00
907736912;В дорозі BMW 5 series F10 528i 2014;;;;None;{'city': {'id': 176, 'name': 'Львів', 'normalized_name': 'lvov'}, 'district': {'id': 129, 'name': 'Залізничний'}, 'region': {'id': 5, 'name': 'Львівська область', 'normalized_name': 'lv'}};"https://ireland.apollo.olxcdn.com:443/v1/files/clc7n2uqcm452-UA/image;s=640x480";https://www.olx.ua/d/uk/obyavlenie/v-doroz-bmw-5-series-f10-528i-2014-IDZqLPV.html;2025-12-17T12:16:51.720973+00:00
908103902;Volkswagen Golf 4;;;;None;{'city': {'id': 158, 'name': 'Конотоп', 'normalized_name': 'konotop'}, 'region': {'id': 1, 'name': 'Сумська область', 'normalized_name': 'sum'}};"https://ireland.apollo.olxcdn.com:443/v1/files/4blpad79wqw3-UA/image;s=640x480";https://www.olx.ua/d/uk/obyavlenie/volkswagen-golf-4-IDZsjj8.html;2025-12-17T12:16:51.715652+00:00
846438451;Електроскутери НОВІ ‼️ 35-70 км електровелосипед;;;;None;{'city': {'id': 316, 'name': 'Самар', 'normalized_name': 'novomoskovsk'}, 'region': {'id': 21, 'name': 'Дніпропетровська область', 'normalized_name': 'dnp'}};"https://ireland.apollo.olxcdn.com:443/v1/files/s5hcqlmbsy8k3-UA/image;s=640x480";https://www.olx.ua/d/uk/obyavlenie/elektroskuteri-nov-35-70-km-elektrovelosiped-IDWhzj5.html;2025-12-17T12:16:51.710314+00:00
905902276;Свіжий комбайн John Deere 1075 Кондиціонер Довга вигрузка;;;;None;{'city': {'id': 309, 'name': 'Горохів', 'normalized_name': 'gorokhov'}, 'region': {'id': 22, 'name': 'Волинська область', 'normalized_name': 'vol'}};"https://ireland.apollo.olxcdn.com:443/v1/files/0lpis4jaz2qj2-UA/image;s=640x480";https://www.olx.ua/d/uk/obyavlenie/svzhiy-kombayn-john-deere-1075-konditsoner-dovga-vigruzka-IDZj4z2.html;2025-12-17T12:16:51.705163+00:00
908093566;Колісний екскаватор Case WX165;;;;None;{'city': {'id': 64, 'name': 'Ковель', 'normalized_name': 'kovel'}, 'region': {'id': 22, 'name': 'Волинська область', 'normalized_name': 'vol'}};"https://ireland.apollo.olxcdn.com:443/v1/files/joqq7alx04jl-UA/image;s=640x480";https://www.olx.ua/d/uk/obyavlenie/kolsniy-ekskavator-case-wx165-IDZsgCq.html;2025-12-17T12:16:51.699482+00:00
905086867;Мінітрактор Трактор Японський Iseki TG253F;;;;None;"{'city': {'id': 107, 'name': ""Кам'янець-Подільський"", 'normalized_name': 'kamenets-podolskiy'}, 'region': {'id': 20, 'name': 'Хмельницька область', 'normalized_name': 'khm'}}";"https://ireland.apollo.olxcdn.com:443/v1/files/fdl3c5z2tm0b3-UA/image;s=640x480";https://www.olx.ua/d/uk/obyavlenie/mntraktor-traktor-yaponskiy-iseki-tg253f-IDZfErh.html;2025-12-17T12:16:51.693825+00:00
909032379;Seat Toledo Sport;;;;None;{'city': {'id': 121, 'name': 'Дніпро', 'normalized_name': 'dnepr'}, 'district': {'id': 111, 'name': 'Амур-Нижньодніпровський '}, 'region': {'id': 21, 'name': 'Дніпропетровська область', 'normalized_name': 'dnp'}};"https://ireland.apollo.olxcdn.com:443/v1/files/mool1xfmuf5d-UA/image;s=640x480";https://www.olx.ua/d/uk/obyavlenie/seat-toledo-sport-IDZvcQz.html;2025-12-17T12:16:51.687134+00:00
908497258;Заз Славута ідеальний стан;;;;None;{'city': {'id': 363, 'name': 'Прилуки', 'normalized_name': 'priluki'}, 'region': {'id': 23, 'name': 'Чернігівська область', 'normalized_name': 'chn'}};"https://ireland.apollo.olxcdn.com:443/v1/files/jhcn8aw94uls-UA/image;s=640x480";https://www.olx.ua/d/uk/obyavlenie/zaz-slavuta-dealniy-stan-IDZtXDA.html;2025-12-17T12:16:51.680639+00:00
905915239;Прицеп причіп прицепи;;;;None;{'city': {'id': 362, 'name': 'Тернопіль', 'normalized_name': 'ternopol'}, 'region': {'id': 11, 'name': 'Тернопільська область', 'normalized_name': 'ter'}};"https://ireland.apollo.olxcdn.com:443/v1/files/idd924ochsf01-UA/image;s=640x480";https://www.olx.ua/d/uk/obyavlenie/pritsep-prichp-pritsepi-IDZj7V7.html;2025-12-17T12:16:51.674369+00:00
908280937;Продам Шевроле нубіра;;;;None;{'city': {'id': 62, 'name': 'Одеса', 'normalized_name': 'odessa'}, 'district': {'id': 91, 'name': 'Пересипський'}, 'region': {'id': 9, 'name': 'Одеська область', 'normalized_name': 'od'}};"https://ireland.apollo.olxcdn.com:443/v1/files/ulzc2su0epxt1-UA/image;s=640x480";https://www.olx.ua/d/uk/obyavlenie/prodam-shevrole-nubra-IDZt3mx.html;2025-12-17T12:16:51.667621+00:00
908077955;Электросамокат Crosser E9 Pro MAX Air;;;;None;{'city': {'id': 268, 'name': 'Київ', 'normalized_name': 'kiev'}, 'district': {'id': 1, 'name': 'Голосіївський'}, 'region': {'id': 25, 'name': 'Київська область', 'normalized_name': 'ko'}};"https://ireland.apollo.olxcdn.com:443/v1/files/18w8xalhn97i3-UA/image;s=640x480";https://www.olx.ua/d/uk/obyavlenie/elektrosamokat-crosser-e9-pro-max-air-IDZscyD.html;2025-12-17T12:16:51.659795+00:00
907804679;Гіроборд u10 вогонь та лід;;;;None;{'city': {'id': 57857, 'name': 'Червоний Донець', 'normalized_name': 'chervonyy-donets'}, 'region': {'id': 8, 'name': 'Харківська область', 'normalized_name': 'kha'}};"https://ireland.apollo.olxcdn.com:443/v1/files/jwbp032m30ya1-UA/image;s=640x480";https://www.olx.ua/d/uk/obyavlenie/grobord-u10-vogon-ta-ld-IDZr3sX.html;2025-12-17T12:16:51.653448+00:00
908303885;Мопед Honda Benly грузовой;;;;None;{'city': {'id': 106, 'name': 'Миколаїв', 'normalized_name': 'nikolaev_106'}, 'district': {'id': 145, 'name': 'Центральний'}, 'region': {'id': 19, 'name': 'Миколаївська область', 'normalized_name': 'nik'}};"https://ireland.apollo.olxcdn.com:443/v1/files/d0mlgfboitt23-UA/image;s=640x480";https://www.olx.ua/d/uk/obyavlenie/moped-honda-benly-gruzovoy-IDZt9kF.html;2025-12-17T12:16:51.645131+00:00
909032606;Продам Мерседес ML 270 дизель 2.7;;;;None;{'city': {'id': 338, 'name': 'Ізюм', 'normalized_name': 'izyum'}, 'region': {'id': 8, 'name': 'Харківська область', 'normalized_name': 'kha'}};"https://ireland.apollo.olxcdn.com:443/v1/files/lexuf5z1dqnl1-UA/image;s=640x480";https://www.olx.ua/d/uk/obyavlenie/prodam-mersedes-ml-270-dizel-2-7-IDZvcUe.html;2025-12-17T12:16:51.639540+00:00
909409252;Пассат B5+ 1.9 дизель 2003 год;;;;None;{'city': {'id': 340, 'name': 'Кривий Ріг', 'normalized_name': 'krivoyrog'}, 'district': {'id': 101, 'name': 'Саксаганський'}, 'region': {'id': 21, 'name': 'Дніпропетровська область', 'normalized_name': 'dnp'}};"https://ireland.apollo.olxcdn.com:443/v1/files/llteabzoejz73-UA/image;s=640x480";https://www.olx.ua/d/uk/obyavlenie/passat-b5-1-9-dizel-2003-god-IDZxMTa.html;2025-12-17T12:16:51.632943+00:00
888436979;Каток водоналивний Коток ккш грудобої Катки водоналивні кпс;;;;None;{'city': {'id': 25, 'name': 'Дубно', 'normalized_name': 'dubno'}, 'region': {'id': 14, 'name': 'Рівненська область', 'normalized_name': 'rov'}};"https://ireland.apollo.olxcdn.com:443/v1/files/zw20dqszaijb-UA/image;s=640x480";https://www.olx.ua/d/uk/obyavlenie/katok-vodonalivniy-kotok-kksh-grudobo-katki-vodonalivn-kps-IDY7N2H.html;2025-12-17T12:16:51.625803+00:00
664122938;Купить прицеп от завода Корида-Тех 2.2м! Килия;;;;None;{'city': {'id': 285, 'name': 'Кілія', 'normalized_name': 'kiliya'}, 'region': {'id': 9, 'name': 'Одеська область', 'normalized_name': 'od'}};"https://ireland.apollo.olxcdn.com:443/v1/files/29p6vdfztl7y2-UA/image;s=640x480";https://www.olx.ua/d/uk/obyavlenie/kupit-pritsep-ot-zavoda-korida-teh-2-2m-kiliya-IDIVAIi.html;2025-12-17T12:16:51.620642+00:00
909017439;Продам Mazda 6 2013г;;;;None;{'city': {'id': 82, 'name': 'Лозова', 'normalized_name': 'lozovaya'}, 'region': {'id': 8, 'name': 'Харківська область', 'normalized_name': 'kha'}};"https://ireland.apollo.olxcdn.com:443/v1/files/3zr5irgymvt21-UA/image;s=640x480";https://www.olx.ua/d/uk/obyavlenie/prodam-mazda-6-2013g-IDZv8XB.html;2025-12-17T12:16:51.614833+00:00
907438088;suzuki lets 2 new.;;;;None;{'city': {'id': 324, 'name': 'Житомир', 'normalized_name': 'zhitomir'}, 'district': {'id': 184, 'name': 'Сенний ринок'}, 'region': {'id': 6, 'name': 'Житомирська область', 'normalized_name': 'zht'}};"https://ireland.apollo.olxcdn.com:443/v1/files/xdj2vmy8m2fx2-UA/image;s=640x480";https://www.olx.ua/d/uk/obyavlenie/suzuki-lets-2-new-IDZpv6c.html;2025-12-17T12:16:51.609450+00:00
904488683;Трактор Т 25 з плугом;;;;None;{'city': {'id': 9241, 'name': 'Смолява', 'normalized_name': 'smolyava'}, 'region': {'id': 22, 'name': 'Волинська область', 'normalized_name': 'vol'}};"https://ireland.apollo.olxcdn.com:443/v1/files/56dyta2kboza-UA/image;s=640x480";https://www.olx.ua/d/uk/obyavlenie/traktor-t-25-z-plugom-IDZd8P9.html;2025-12-17T12:16:51.603907+00:00
908496141;Продам легендарну BMW 3;;;;None;{'city': {'id': 403, 'name': 'Хотин', 'normalized_name': 'khotin'}, 'region': {'id': 18, 'name': 'Чернівецька область', 'normalized_name': 'chv'}};"https://ireland.apollo.olxcdn.com:443/v1/files/9n5jy55awyqr3-UA/image;s=640x480";https://www.olx.ua/d/uk/obyavlenie/prodam-legendarnu-bmw-3-IDZtXlz.html;2025-12-17T12:16:51.597881+00:00
906426400;Honda SH 150i скутир;;;;None;{'city': {'id': 1789, 'name': 'Білі Ослави', 'normalized_name': 'belye-oslavy'}, 'region': {'id': 13, 'name': 'Івано-Франківська область', 'normalized_name': 'if'}};"https://ireland.apollo.olxcdn.com:443/v1/files/3w2y2mv14zze1-UA/image;s=640x480";https://www.olx.ua/d/uk/obyavlenie/honda-sh-150i-skutir-IDZlgUE.html;2025-12-17T12:16:51.592085+00:00
907304277;Audi A6 ДЛЯ ЗСУ!!!;;;;None;{'city': {'id': 68, 'name': 'Умань', 'normalized_name': 'uman'}, 'region': {'id': 12, 'name': 'Черкаська область', 'normalized_name': 'chk'}};"https://ireland.apollo.olxcdn.com:443/v1/files/doi5q416uch83-UA/image;s=640x480";https://www.olx.ua/d/uk/obyavlenie/audi-a6-dlya-zsu-IDZoXhX.html;2025-12-17T12:16:51.586656+00:00
905429888;Продам Honda CB1300;;;;None;{'city': {'id': 106, 'name': 'Миколаїв', 'normalized_name': 'nikolaev_106'}, 'district': {'id': 143, 'name': 'Iнгульський'}, 'region': {'id': 19, 'name': 'Миколаївська область', 'normalized_name': 'nik'}};"https://ireland.apollo.olxcdn.com:443/v1/files/snbyjyeg1b8k2-UA/image;s=640x480";https://www.olx.ua/d/uk/obyavlenie/prodam-honda-cb1300-IDZh5FS.html;2025-12-17T12:16:51.580476+00:00
904314439;Свіжопригнаний Vw Touran 2005рік Не Розмитнений;;;;None;{'city': {'id': 268, 'name': 'Київ', 'normalized_name': 'kiev'}, 'district': {'id': 7, 'name': 'Дніпровський'}, 'region': {'id': 25, 'name': 'Київська область', 'normalized_name': 'ko'}};"https://ireland.apollo.olxcdn.com:443/v1/files/xpta8xy3c6x4-UA/image;s=640x480";https://www.olx.ua/d/uk/obyavlenie/svzhoprignaniy-vw-touran-2005rk-ne-rozmitneniy-IDZcpuL.html;2025-12-17T12:16:51.573389+00:00
909030931;Mercedes sprinter 2.9 d 315т пробег;;;;None;{'city': {'id': 118, 'name': 'Павлоград', 'normalized_name': 'pavlograd'}, 'region': {'id': 21, 'name': 'Дніпропетровська область', 'normalized_name': 'dnp'}};"https://ireland.apollo.olxcdn.com:443/v1/files/uioqbv71oepu2-UA/image;s=640x480";https://www.olx.ua/d/uk/obyavlenie/mercedes-sprinter-2-9-d-315t-probeg-IDZvctd.html;2025-12-17T12:16:51.567566+00:00
908277877;Мопед Honda Lead SS;;;;None;{'city': {'id': 106, 'name': 'Миколаїв', 'normalized_name': 'nikolaev_106'}, 'district': {'id': 143, 'name': 'Iнгульський'}, 'region': {'id': 19, 'name': 'Миколаївська область', 'normalized_name': 'nik'}};"https://ireland.apollo.olxcdn.com:443/v1/files/j5z9pe89u5wy-UA/image;s=640x480";https://www.olx.ua/d/uk/obyavlenie/moped-honda-lead-ss-IDZt2zb.html;2025-12-17T12:16:51.560248+00:00
908738658;Продам гольф 6. Мкпп 1.4 турбо;;;;None;{'city': {'id': 268, 'name': 'Київ', 'normalized_name': 'kiev'}, 'district': {'id': 3, 'name': 'Дарницький'}, 'region': {'id': 25, 'name': 'Київська область', 'normalized_name': 'ko'}};"https://ireland.apollo.olxcdn.com:443/v1/files/y5uqqphwdrwb1-UA/image;s=640x480";https://www.olx.ua/d/uk/obyavlenie/prodam-golf-6-mkpp-1-4-turbo-IDZuYr8.html;2025-12-17T12:16:51.554157+00:00
792351360;Шнековый навантажувач ф159*9м, шнек,протруювач, погрузчик зерна;;;;None;{'city': {'id': 69699, 'name': 'Коломійцеве', 'normalized_name': 'kolomiytsevo_69699'}, 'region': {'id': 23, 'name': 'Чернігівська область', 'normalized_name': 'chn'}};"https://ireland.apollo.olxcdn.com:443/v1/files/6ainul14jhid3-UA/image;s=640x480";https://www.olx.ua/d/uk/obyavlenie/shnekovyy-navantazhuvach-f1599m-shnek-protruyuvach-pogruzchik-zerna-IDRCCME.html;2025-12-17T12:16:51.548162+00:00
909551116;Ford Focus C MAX 1.8 Газ 2006;;;;None;{'city': {'id': 284, 'name': 'Полтава', 'normalized_name': 'poltava'}, 'region': {'id': 15, 'name': 'Полтавська область', 'normalized_name': 'pol'}};"https://ireland.apollo.olxcdn.com:443/v1/files/upesih54hi9p2-UA/image;s=640x480";https://www.olx.ua/d/uk/obyavlenie/ford-focus-c-max-1-8-gaz-2006-IDZynNi.html;2025-12-17T12:16:51.542138+00:00
836475246;Міні трактор Ловол 504CN з кондеціонером;;;;None;{'city': {'id': 132, 'name': 'Івано-Франківськ', 'normalized_name': 'ivano-frankovsk'}, 'region': {'id': 13, 'name': 'Івано-Франківська область', 'normalized_name': 'if'}};"https://ireland.apollo.olxcdn.com:443/v1/files/e7frrpq8dj6g2-UA/image;s=640x480";https://www.olx.ua/d/uk/obyavlenie/mn-traktor-lovol-504cn-z-kondetsonerom-IDUBLqe.html;2025-12-17T12:16:51.535958+00:00
908912110;Рено Меган 4 2016;;;;None;{'city': {'id': 194, 'name': 'Запоріжжя', 'normalized_name': 'zaporozhe'}, 'district': {'id': 39, 'name': 'Олександрiвський'}, 'region': {'id': 17, 'name': 'Запорізька область', 'normalized_name': 'zap'}};"https://ireland.apollo.olxcdn.com:443/v1/files/4cdv9tiv7sqn3-UA/image;s=640x480";https://www.olx.ua/d/uk/obyavlenie/reno-megan-4-2016-IDZwHyK.html;2025-12-17T12:16:51.529959+00:00
905580859;Продам в крутому стані сузукі;;;;None;{'city': {'id': 324, 'name': 'Житомир', 'normalized_name': 'zhitomir'}, 'district': {'id': 65, 'name': 'Мальованка'}, 'region': {'id': 6, 'name': 'Житомирська область', 'normalized_name': 'zht'}};"https://ireland.apollo.olxcdn.com:443/v1/files/071llc6vw5352-UA/image;s=640x480";https://www.olx.ua/d/uk/obyavlenie/prodam-v-krutomu-stan-suzuk-IDZhIVT.html;2025-12-17T12:16:51.523997+00:00
909207783;Продам Chery QQ (Автомат);;;;None;{'city': {'id': 268, 'name': 'Київ', 'normalized_name': 'kiev'}, 'district': {'id': 11, 'name': 'Печерський'}, 'region': {'id': 25, 'name': 'Київська область', 'normalized_name': 'ko'}};"https://ireland.apollo.olxcdn.com:443/v1/files/tglmgnqkly8w2-UA/image;s=640x480";https://www.olx.ua/d/uk/obyavlenie/prodam-chery-qq-avtomat-IDZvVtF.html;2025-12-17T12:16:51.518221+00:00
908194186;Vw Golf  2.0 TDI;;;;None;{'city': {'id': 186, 'name': 'Мукачево', 'normalized_name': 'mukachevo'}, 'region': {'id': 10, 'name': 'Закарпатська область', 'normalized_name': 'zak'}};"https://ireland.apollo.olxcdn.com:443/v1/files/03q7jaeg8ejd3-UA/image;s=640x480";https://www.olx.ua/d/uk/obyavlenie/vw-golf-2-0-tdi-IDZsGNk.html;2025-12-17T12:16:51.512134+00:00
905268694;SPARK Хороший стан;;;;None;{'city': {'id': 186, 'name': 'Мукачево', 'normalized_name': 'mukachevo'}, 'region': {'id': 10, 'name': 'Закарпатська область', 'normalized_name': 'zak'}};"https://ireland.apollo.olxcdn.com:443/v1/files/o4kgyv5vpiup2-UA/image;s=640x480";https://www.olx.ua/d/uk/obyavlenie/spark-horoshiy-stan-IDZgpJY.html;2025-12-17T12:16:51.504911+00:00
908086979;Daewoo Matiz 2013 року;;;;None;{'city': {'id': 121, 'name': 'Дніпро', 'normalized_name': 'dnepr'}, 'district': {'id': 119, 'name': 'Центральний'}, 'region': {'id': 21, 'name': 'Дніпропетровська область', 'normalized_name': 'dnp'}};"https://ireland.apollo.olxcdn.com:443/v1/files/0i0s7kxnpxg82-UA/image;s=640x480";https://www.olx.ua/d/uk/obyavlenie/daewoo-matiz-2013-roku-IDZseUb.html;2025-12-17T12:16:51.499287+00:00
907615720;Продам уаз бортовий.;;;;None;{'city': {'id': 13255, 'name': 'Миколаївка', 'normalized_name': 'nikolaevka_13255'}, 'region': {'id': 21, 'name': 'Дніпропетровська область', 'normalized_name': 'dnp'}};"https://ireland.apollo.olxcdn.com:443/v1/files/s02eh4d7zgba3-UA/image;s=640x480";https://www.olx.ua/d/uk/obyavlenie/prodam-uaz-bortoviy-IDZqgje.html;2025-12-17T12:16:51.493469+00:00
907564471;Мотоблок кентавр;;;;None;{'city': {'id': 158, 'name': 'Конотоп', 'normalized_name': 'konotop'}, 'region': {'id': 1, 'name': 'Сумська область', 'normalized_name': 'sum'}};"https://ireland.apollo.olxcdn.com:443/v1/files/a5kncfxbwoa41-UA/image;s=640x480";https://www.olx.ua/d/uk/obyavlenie/motoblok-kentavr-IDZq2YD.html;2025-12-17T12:16:51.487590+00:00
907134018;ВАЗ 2109 2002 года выпуска;;;;None;{'city': {'id': 280, 'name': 'Харків', 'normalized_name': 'kharkov'}, 'district': {'id': 73, 'name': 'Холодногірський'}, 'region': {'id': 8, 'name': 'Харківська область', 'normalized_name': 'kha'}};"https://ireland.apollo.olxcdn.com:443/v1/files/xvgarq1qh0x-UA/image;s=640x480";https://www.olx.ua/d/uk/obyavlenie/vaz-2109-2002-goda-vypuska-IDZoeZQ.html;2025-12-17T12:16:51.481475+00:00
907429396;FORTE 200 SERIES Суперовий стан;;;;None;{'city': {'id': 186, 'name': 'Мукачево', 'normalized_name': 'mukachevo'}, 'region': {'id': 10, 'name': 'Закарпатська область', 'normalized_name': 'zak'}};"https://ireland.apollo.olxcdn.com:443/v1/files/qz24xufycrkg1-UA/image;s=640x480";https://www.olx.ua/d/uk/obyavlenie/forte-200-series-superoviy-stan-IDZptQ0.html;2025-12-17T12:16:51.475746+00:00
909335887;МТЗ-320.4 2017.р;;;;None;{'city': {'id': 14439, 'name': 'Звонецький Хутір', 'normalized_name': 'zvonetskiy-hutor'}, 'region': {'id': 21, 'name': 'Дніпропетровська область', 'normalized_name': 'dnp'}};"https://ireland.apollo.olxcdn.com:443/v1/files/m5ouj5bz9wnp3-UA/image;s=640x480";https://www.olx.ua/d/uk/obyavlenie/mtz-320-4-2017-r-IDZxtNR.html;2025-12-17T12:16:51.469576+00:00
904268750;Навантажувач вилковий Mitsubishi KFGE25 ERSIS вилочный погрузчик,кара;;;;None;{'city': {'id': 340, 'name': 'Кривий Ріг', 'normalized_name': 'krivoyrog'}, 'district': {'id': 105, 'name': 'Центрально-Міський'}, 'region': {'id': 21, 'name': 'Дніпропетровська область', 'normalized_name': 'dnp'}};"https://ireland.apollo.olxcdn.com:443/v1/files/uvfuotomvnca2-UA/image;s=640x480";https://www.olx.ua/d/uk/obyavlenie/navantazhuvach-vilkoviy-mitsubishi-kfge25-ersis-vilochnyy-pogruzchik-kara-IDZcdBQ.html;2025-12-17T12:16:51.462182+00:00
903429468;Трактор LOVOL 1054;;;;None;{'city': {'id': 26455, 'name': 'Новомиколаївка', 'normalized_name': 'novonikolaevka_26455'}, 'region': {'id': 17, 'name': 'Запорізька область', 'normalized_name': 'zap'}};"https://ireland.apollo.olxcdn.com:443/v1/files/7pp3o8aw2vi62-UA/image;s=640x480";https://www.olx.ua/d/uk/obyavlenie/traktor-lovol-1054-IDZ8Hh2.html;2025-12-17T12:16:51.456052+00:00
